id,source,sp,locality,lat,lon,valid_georef,year,catalog,recorded_by,obs
A17,ASMAF,Marmosops incanus,Estância,-11.25,-37.4167,TRUE,1993,,Stevens & Husband 1998,
A18,ASMAF,Marmosops incanus,Chapada Diamantina,-12.72778,-41.31389,TRUE,2002-2004,,Pereira & Geise 2009,
A20,ASMAF,Marmosops incanus,RPPN Guarirú,-12.8571,-39.4657,TRUE,2012-2013,,Carvalho & Oliveira 2015,
A21,ASMAF,Marmosops incanus,"Fazenda do Sr. Getúlio, Serra da Jibóia, Varzedo",-12.9602,-39.449,TRUE,2011,,G. Ximenez unpublished data,
A22,ASMAF,Marmosops incanus,"Reserva Ecológica da Michelin – REM/Pacada Grande, Igrapiúna/Ituberá",-13.8333,-39.1667,TRUE,2008-2009,,G. Ximenez unpublished data,
A23,ASMAF,Marmosops incanus,"Pratigi, Igrapiuna",-13.848,-39.284,FALSE,2014,,P. Cordeiro-Estrela and M. Alvarez unpublished data,
A24,ASMAF,Marmosops incanus,"Pratigi, Igrapiuna",-13.848,-39.284,TRUE,2015,,P. Cordeiro-Estrela and M. Alvarez unpublished data,
A25,ASMAF,Marmosops incanus,Almada/Urucutuca,-14.65,-39.15,FALSE,1943-1945,,Laemmert et al. 1946,
A28,ASMAF,Marmosops incanus,Fortuna/Pirataquisse,-14.8834,-39.175,FALSE,1943-1945,,Laemmert et al. 1946,
A29,ASMAF,Marmosops incanus,Sul da Bahia,-15.1731,-39.1322,TRUE,1998-2000,,Pardini 2004,
A31,ASMAF,Marmosops incanus,Reserva Biológica de Una,-15.249,-39.079,TRUE,1997-1998,,Moura 1999,
A34,ASMAF,Marmosops incanus,Belmonte e Mascote,-15.895,-39.238,FALSE,2013-2014,,García 2015,
A35,ASMAF,Marmosops incanus,Belmonte e Mascote,-15.895,-39.238,TRUE,2015,,García 2015,
A36,ASMAF,Marmosops incanus,Parque Estadual do Rio Preto,-18.19708,-43.33108,TRUE,2008-2009,,Nascimento 2009,
A37,ASMAF,Marmosops incanus,Monumento Nacional Pontões Capixabas,-18.8747,-40.8139,TRUE,2007-2008,,Pinto et al. 2009b.,
A38,ASMAF,Marmosops incanus,"Capão de Mata, Parque Nacional da Serra do Cipó",-19.25778,-43.51694,TRUE,2002-2004,,L. C. Oliveira unpublished data,
A39,ASMAF,Marmosops incanus,"Capão dos Palmitos, Parque Nacional da Serra do Cipó",-19.37201,-43.61708,TRUE,2002-2003,,L. C. Oliveira unpublished data,
A40,ASMAF,Marmosops incanus,Parque Florestal Estadual do Rio Doce,-19.6417,-42.55,FALSE,1985-1987,, face oeste da Serra da Mantiqueira,
A41,ASMAF,Marmosops incanus,Parque do Rio Doce,-19.6417,-42.55,FALSE,1985-1986,,"Fonseca & Robinson, 1990",
A42,ASMAF,Marmosops incanus,Parque Estadual do Rio Doce,-19.6,-42.55,TRUE,1994,,Grelle 2003,
A43,ASMAF,Marmosops incanus,Fazenda Montes Claros,-19.7272,-41.8214,FALSE,1985-1986,,"Fonseca & Robinson, 1990",
A44,ASMAF,Marmosops incanus,Estação de Preservação e Desenvolvimento Ambiental de Peti,-19.88694,-43.37218,FALSE,1986-1988,,Hermann 1991,
A45,ASMAF,Marmosops incanus,Estação de Preservação e Desenvolvimento Ambiental de Peti,-19.8869,-43.3722,TRUE,2002-2004,,Paglia et al 2005,
A46,ASMAF,Marmosops incanus,Parque das Mangabeiras,-19.9333,-43.8833,TRUE,2003-2004,,"Oliveira et al., 2007",
A47,ASMAF,Marmosops incanus,Estação Biológica Santa Lúcia,-19.95,-40.5333,TRUE,2000-2001,,Paresque et al. 2004,
A48,ASMAF,Marmosops incanus,Fragmentos em Santa Teresa,-19.95,-40.516667,TRUE,1999-2001,,Passamani & Fernandez 2011,
A49,ASMAF,Marmosops incanus,Santa Teresa,-19.9667,-40.5833,TRUE,2002-2003,,Passamani & Ribeiro 2009,
A50,ASMAF,Marmosops incanus,Fazenda Esmeralda,-20.0711,-42.7394,FALSE,1985-1986,,"Fonseca & Robinson, 1990",
A51,ASMAF,Marmosops incanus,Área de Proteção Ambiental Mestre Álvaro,-20.158333,-40.314444,TRUE,2012-2013,,Guerra 2015,
A52,ASMAF,Marmosops incanus,Reserva Biológica de Duas Bocas,-20.26667,-40.46667,FALSE,1987-1988,,José et al. 2016,
A53,ASMAF,Marmosops incanus,Reserva Biológica de Duas Bocas,-20.2667,-40.4667,FALSE,2001,,Paresque et al. 2004,
A54,ASMAF,Marmosops incanus,Reserva Biológica de Duas Bocas,-20.2667,-40.4667,TRUE,2007-2008,,Pinto et al. 2009b.,
A56,ASMAF,Marmosops incanus,Viana,-20.3667,-40.4917,FALSE,1981-1982,,Pinto et al. 2009a.,
A57,ASMAF,Marmosops incanus,Viana,-20.37222,-40.47206,TRUE,2006-2007,,Pinto et al. 2009a,
A58,ASMAF,Marmosops incanus,Parque Nacional do Caparaó,-20.4667,-41.8,TRUE,1992,,Bonvicino et al. 2002,
A59,ASMAF,Marmosops incanus,Parque Estadual Serra do Ouro Branco,-20.4958,-43.6125,TRUE,2009-2010,,"Braga et al., 2015",
A60,ASMAF,Marmosops incanus,Parque Estadual do Forno Grande,-20.521667,-41.134722,TRUE,2013-2014,,Vale 2015,
A61,ASMAF,Marmosops incanus,Parque Estadual da Mata das Flores,-20.598333,-41.181389,TRUE,2013-2014,,Vale 2015,
A62,ASMAF,Marmosops incanus,Parque Estadual da Serra do Brigadeiro,-20.6,-42.4,TRUE,1996-2004,,Moreira et al. 2009,
A64,ASMAF,Marmosops incanus,Mata do Paraíso,-20.75,-45.88333,TRUE,1997-1998,,Lessa et al. 1999,
A66,ASMAF,Marmosops incanus,Varre-Sai,-20.883647,-41.830003,TRUE,2013-2014,,Gonçalves et al. 2016,
A67,ASMAF,Marmosops incanus,Santo Antônio do Amparo,-20.8992,-44.8365,TRUE,2008-2009,,Rocha 2010,
A68,ASMAF,Marmosops incanus,"Fazenda São Matheus, Varre-sai",-20.94697,-41.90308,TRUE,2007,,R. Cerqueira unpublished data,
A69,ASMAF,Marmosops incanus,Lavras,-21.0002,-44,TRUE,2012-2013,,Assis 2014,
A70,ASMAF,Marmosops incanus,Itaperuna,-21.353164,-42.216092,TRUE,2013-2014,,Gonçalves et al. 2016,
A71,ASMAF,Marmosops incanus,Chapada das Perdizes,-21.2667,-44.6167,TRUE,2012-2013,,Machado 2015,
A72,ASMAF,Marmosops incanus,região do Alto Rio Grande,-21.3,-44.975,TRUE,2007-2008,,Mesquita e Passamani 2012,
A73,ASMAF,Marmosops incanus,Miracema,-21.092633,-42.117728,TRUE,2013-2014,,Gonçalves et al. 2016,
A74,ASMAF,Marmosops incanus,"Fazenda Samburá, Monte Verde",-21.46835,-41.91248,TRUE,2007,,R. Cerqueira unpublished data,
A75,ASMAF,Marmosops incanus,Cambuci,-21.486128,-41.858722,TRUE,2013-2014,,Gonçalves et al. 2016,
A77,ASMAF,Marmosops incanus,Chapada das Perdizes - Floresta nebular,-21.5932,-44.57708,TRUE,2009-2010,,Machado et al. 2013,
A78,ASMAF,Marmosops incanus,Chapada das Perdizes - Floresta semidecidua,-21.59579,-44.56243,TRUE,2009-2010,,Machado et al. 2013,
A87,ASMAF,Marmosops incanus,Parque Nacional do Itatiaia,-22.4365,-44.6252,TRUE,1999-2001,,Moraes et al. 2003,
A88,ASMAF,Marmosops incanus,"Rancho Frio, Parque Nacional da Serra dos Órgãos",-22.45806,-43.00389,TRUE,2012-2017,,R. Cerqueira unpublished data,
A89,ASMAF,Marmosops incanus,"Fazenda Relógio do Sol, Serra dos Órgãos",-22.4667,-42.65,FALSE,1996-1998,,R. Cerqueira unpublished,
A90,ASMAF,Marmosops incanus,"Garrafão, Parque Nacional da Serra dos Órgãos",-22.46667,-42.98333,TRUE,1997-2007,,Prevedello et al. 2008,
A93,ASMAF,Marmosops incanus,"Sede Petrópolis, Parque Nacional da Serra dos Órgãos",-22.48685,-43.11278,TRUE,2014-2015,,A. C. Delciellos and R. Gentile unpublished data,
A94,ASMAF,Marmosops incanus,ReBio Poço das Antas - Portuense,-22.5439,-42.3069,TRUE,2000-2001,,Viveiros de Castro 2002,
A95,ASMAF,Marmosops incanus,"Osmarina, Reserva Biológica Poço das Antas",-22.54389,-42.30694,TRUE,1988-1989,,Pereira 1991,
A97,ASMAF,Marmosops incanus,"sites de Mata Contínua, Serra dos Órgãos",-22.6139,-42.8667,TRUE,1999-2001,,Vieira et al. 2009,
A98,ASMAF,Marmosops incanus,2005-2007,-22.6194,-42.8139,TRUE,1999-2001,,fragmentos de mata na Bacia do Rio Macacu,
A103,ASMAF,Marmosops incanus,Parque Estadual da Pedra Branca,-22.9406,-43.4411,TRUE,2005-2007,,Oliveira et al. 2010,
A104,ASMAF,Marmosops incanus,Fazenda Bom Jardim,-22.9923,-44.0979,TRUE,2005,,R. Cerqueira unpublished,
A105,ASMAF,Marmosops incanus,"Vila Dois Rios, Ilha Grande",-23.17,-44.2,TRUE,1998-1999,,Martins-Hatano et al. 2002,
A106,ASMAF,Marmosops incanus,Vila Dois Rios,-23.16667,-44.24167,FALSE,1996-1997,,Bittencourt & Rocha 2003,
A110,ASMAF,Marmosops incanus,Núcleo Santa Virginia,-23.375,-45.1667,TRUE,2008-2009,,Neves 2010,
A111,ASMAF,Marmosops incanus,Planalto Paulistano,-23.5458,-46.9347,FALSE,1995-1996,,Barros-Battesti et al. 2000,Coordenadas na cidade
A113,ASMAF,Marmosops incanus,Reserva Florestal do Morro Grande,-23.65,-47.0167,FALSE,2004-2005,,Naxara et al. 2009,
A114,ASMAF,Marmosops incanus,Reserva Florestal do Morro Grande,-23.6902,-46.9531,TRUE,2008-2009,,Barros 2013,
A115,ASMAF,Marmosops incanus,Reserva Florestal do Morro Grande,-23.7,-46.9833,FALSE,2003-2004,,Pardini & Umetsu 2006,
A116,ASMAF,Marmosops incanus,"Planalto Cristalino de Ibiúna, Caucaia do Alto",-23.7083,-46.9167,TRUE,2002-2005,,Umetsu 2005,
A117,ASMAF,Marmosops incanus,Planalto de Ibiúna,-23.8792,-47.4963,TRUE,2006-2007,,Naxara 2007,
A118,ASMAF,Marmosops incanus,"Fazenda João XXIII, Eucatex S/A Industria e Comercio; Área de Proteção Ambiental da Serra do Tapiraí",-23.9136,-47.6886,TRUE,1998-1999,,Silva 2001,
A120,ASMAF,Marmosops incanus,Pedreira Limeira,-24.1614,-48.3508,TRUE,2005-2008,,Leiner & Silva 2012,
A121,ASMAF,Marmosops incanus,Fazenda Intermontes,-24.2006,-48.4261,TRUE,2006-2007,,Leiner 2009,
AXB,ASMAF,Marmosops incanus,Reserva Florestal da Companhia Vale do Rio Doce,-19.15,-40.0667,TRUE,1992-1993,,Palma 1996,
AXX,ASMAF,Marmosops incanus,Parque Estadual do Rio Preto,-18.088889,-43.340278,TRUE,2009-2010,,Lessa et al. 2014,
1,Museum,Marmosops incanus,"1 km W de Abraão, Ilha Grande",-23.141167,-44.178048,TRUE,1991,MN31032,Luiz Antonio Pereira,
2,Museum,Marmosops incanus,"Campus Fiocruz, Jacarepaguá",-22.93956,-43.402257,TRUE,2012,MN83139,,
3,Museum,Marmosops incanus,"Campus Fiocruz, Jacarepaguá",-22.93956,-43.402257,TRUE,2012,MN83140,,
4,Museum,Marmosops incanus,"Campus Fiocruz, Jacarepaguá",-22.93956,-43.402257,TRUE,2012,MN83141,,
5,Museum,Marmosops incanus,Caraça,-19.966667,-43.483333,TRUE,2006,MN73451,M. Olimpia G. Lopes,
6,Museum,Marmosops incanus,Caraça,-19.966667,-43.483333,TRUE,2006,MN73452,M. Olimpia G. Lopes,
7,Museum,Marmosops incanus,Centro de Primatologia do Rio de Janeiro,-22.486083,-42.917472,TRUE,1997,MN46882,Rosane Pereira,
8,Museum,Marmosops incanus,Centro de Primatologia do Rio de Janeiro,-22.486083,-42.917472,TRUE,1997,MN46887,Rosane Pereira,
9,Museum,Marmosops incanus,Centro de Primatologia do Rio de Janeiro,-22.486083,-42.917472,TRUE,1996,MN46900,C. R. Bonvicino,
10,Museum,Marmosops incanus,Fazenda Anga Pehy,-16.718778,-41.249333,TRUE,2005,MN82804,Lena Geise,
11,Museum,Marmosops incanus,Fazenda Anga Pehy,-16.718778,-41.249333,TRUE,2005,MN82805,Lena Geise,
12,Museum,Marmosops incanus,Fazenda Anga Pehy,-16.728306,-41.24575,TRUE,2005,MN82806,Lena Geise,
13,Museum,Marmosops incanus,Fazenda Anga Pehy,-16.728306,-41.24575,TRUE,2005,MN82807,Lena Geise,
14,Museum,Marmosops incanus,Fazenda Bom Jardim,-22.920028,-44.108972,TRUE,2005,MN73755,labvert,
15,Museum,Marmosops incanus,Fazenda Bom Jardim,-22.920028,-44.108972,TRUE,2005,MN73764,labvert,
16,Museum,Marmosops incanus,Fazenda Bom Jardim,-22.920028,-44.108972,TRUE,2005,MN73783,labvert,
17,Museum,Marmosops incanus,Fazenda Bom Jardim,-22.920028,-44.108972,TRUE,2005,MN73788,labvert,
18,Museum,Marmosops incanus,Fazenda Chorona,-22.563333,-42.964722,TRUE,1999,MN70004,labvert,
19,Museum,Marmosops incanus,Fazenda Palmares,-17.121556,-41.610444,TRUE,2012,MN82824,Lena Geise,
20,Museum,Marmosops incanus,Fazenda Palmares,-17.121556,-41.610444,TRUE,2012,MN82825,Lena Geise,
21,Museum,Marmosops incanus,Fazenda Palmares,-17.121556,-41.610444,TRUE,2012,MN82826,Lena Geise,
22,Museum,Marmosops incanus,Fazenda Palmares,-17.121556,-41.610444,TRUE,2012,MN82827,Lena Geise,
23,Museum,Marmosops incanus,Fazenda Palmares,-17.121556,-41.610444,TRUE,2012,MN82828,Lena Geise,
24,Museum,Marmosops incanus,Fazenda Palmares,-17.121556,-41.610444,TRUE,2012,MN82829,Lena Geise,
25,Museum,Marmosops incanus,Fazenda Palmares,-17.121556,-41.610444,TRUE,2012,MN82830,Lena Geise,
26,Museum,Marmosops incanus,Fazenda Palmares,-17.121556,-41.610444,TRUE,2012,MN82831,Lena Geise,
27,Museum,Marmosops incanus,Fazenda Palmares,-17.121556,-41.610444,TRUE,2012,MN82832,Lena Geise,
28,Museum,Marmosops incanus,Fazenda Palmares,-17.121556,-41.610444,TRUE,2012,MN82833,Lena Geise,
29,Museum,Marmosops incanus,Fazenda Palmares,-17.121556,-41.610444,TRUE,2012,MN82834,Lena Geise,
30,Museum,Marmosops incanus,Fazenda Palmares,-17.121556,-41.610444,TRUE,2012,MN82835,Lena Geise,
31,Museum,Marmosops incanus,Fazenda Palmares,-17.121556,-41.610444,TRUE,2012,MN82836,Lena Geise,
32,Museum,Marmosops incanus,Fazenda Palmares,-17.121556,-41.610444,TRUE,2012,MN82837,Lena Geise,
33,Museum,Marmosops incanus,Fazenda Palmares,-17.121556,-41.610444,TRUE,2012,MN82838,Lena Geise,
34,Museum,Marmosops incanus,Fazenda Palmares,-17.121556,-41.610444,TRUE,2012,MN82839,Lena Geise,
35,Museum,Marmosops incanus,Fazenda Palmares,-17.121556,-41.610444,TRUE,2012,MN82840,Lena Geise,
36,Museum,Marmosops incanus,Fazenda Palmares,-17.121556,-41.610444,TRUE,2012,MN82841,Lena Geise,
37,Museum,Marmosops incanus,Fazenda Palmares,-17.121556,-41.610444,TRUE,2012,MN82842,Lena Geise,
38,Museum,Marmosops incanus,Fazenda Palmares,-17.121556,-41.610444,TRUE,2012,MN82843,Lena Geise,
39,Museum,Marmosops incanus,Fazenda Palmares,-17.121556,-41.610444,TRUE,2012,MN82844,Lena Geise,
40,Museum,Marmosops incanus,Fazenda Palmares,-17.121556,-41.610444,TRUE,2012,MN82845,Lena Geise,
41,Museum,Marmosops incanus,Fazenda Santa Cruz,-18.270139,-43.403222,TRUE,2011,MN82820,Lena Geise,
42,Museum,Marmosops incanus,Fazenda Santa Cruz,-18.270139,-43.403222,TRUE,2011,MN82821,Lena Geise,
43,Museum,Marmosops incanus,Fazenda Santa Cruz,-18.270139,-43.403222,TRUE,2011,MN82822,Lena Geise,
44,Museum,Marmosops incanus,Fazenda Santa Cruz,-18.270139,-43.403222,TRUE,2011,MN82823,Lena Geise,
45,Museum,Marmosops incanus,Fazenda Sumidouro,-18.198528,-43.241278,TRUE,2007,MN82808,Lena Geise,
46,Museum,Marmosops incanus,Fazenda Sumidouro,-18.192889,-43.243111,TRUE,2007,MN82809,Lena Geise,
47,Museum,Marmosops incanus,Fazenda Sumidouro,-18.198528,-43.241278,TRUE,2007,MN82810,Lena Geise,
48,Museum,Marmosops incanus,Fragmento 1,-22.564347,-42.964475,TRUE,1999,MN76477,labvert,
49,Museum,Marmosops incanus,Fragmento 1,-22.564347,-42.964475,TRUE,1999,MN76488,labvert,
50,Museum,Marmosops incanus,Fragmento 13,-22.554119,-42.902917,TRUE,1999,MN76519,labvert,
51,Museum,Marmosops incanus,Fragmento 13,-22.554119,-42.902917,TRUE,1999,MN76520,labvert,
52,Museum,Marmosops incanus,Fragmento 13,-22.554119,-42.902917,TRUE,1999,MN76529,labvert,
53,Museum,Marmosops incanus,Fragmento 13,-22.554119,-42.902917,TRUE,1999,MN76530,labvert,
54,Museum,Marmosops incanus,Fragmento 13,-22.554119,-42.902917,TRUE,1999,MN76537,labvert,
55,Museum,Marmosops incanus,Fragmento 13,-22.554119,-42.902917,TRUE,1999,MN76540,labvert,
56,Museum,Marmosops incanus,Fragmento 13,-22.554119,-42.902917,TRUE,2000,MN76587,labvert,
57,Museum,Marmosops incanus,Fragmento 13,-22.554119,-42.902917,TRUE,2000,MN76596,labvert,
58,Museum,Marmosops incanus,Fragmento 13,-22.554119,-42.902917,TRUE,1999,MN83677,labvert,
59,Museum,Marmosops incanus,Fragmento 17,-22.581558,-42.904325,TRUE,2000,MN70042,labvert,
60,Museum,Marmosops incanus,Fragmento 17,-22.581558,-42.904325,TRUE,2000,MN76353,labvert,
61,Museum,Marmosops incanus,Fragmento 17,-22.581558,-42.904325,TRUE,2000,MN76378,labvert,
62,Museum,Marmosops incanus,Fragmento 17,-22.581558,-42.904325,TRUE,2002,MN76451,labvert,
63,Museum,Marmosops incanus,Fragmento 2,-22.563,-42.953767,TRUE,1999,MN76478,labvert,
64,Museum,Marmosops incanus,Fragmento 2,-22.563,-42.953767,TRUE,1999,MN76479,labvert,
65,Museum,Marmosops incanus,Fragmento 2,-22.563,-42.953767,TRUE,1999,MN76481,labvert,
66,Museum,Marmosops incanus,Fragmento 4,-22.519819,-42.886283,TRUE,1999,MN76514,labvert,
67,Museum,Marmosops incanus,Fragmento 4,-22.519819,-42.886283,TRUE,2000,MN76580,labvert,
68,Museum,Marmosops incanus,Fragmento 4,-22.519819,-42.886283,TRUE,2000,MN76583,labvert,
69,Museum,Marmosops incanus,Fragmento 4,-22.519819,-42.886283,TRUE,2000,MN76616,labvert,
70,Museum,Marmosops incanus,Fragmento 5,-22.530958,-42.860578,TRUE,2001,MN76438,labvert,
71,Museum,Marmosops incanus,Glicério,-22.233333,-42.05,TRUE,1991,MN50633,labvert,
72,Museum,Marmosops incanus,"Mata das Torres, pt. 8, Cunhambebe",-23,-44.483333,TRUE,2002,MN72146,L. M. Pessôa,
73,Museum,Marmosops incanus,Mata Secundária,-19.166667,-40.166667,TRUE,1993,MN33836,A. R. T. Palma,
74,Museum,Marmosops incanus,Mata Secundária,-19.166667,-40.166667,TRUE,1993,MN33837,A. R. T. Palma,
75,Museum,Marmosops incanus,Mata Secundária,-19.166667,-40.166667,TRUE,1993,MN34500,,
76,Museum,Marmosops incanus,"Módulo Leste, RAPELD, IG, L13500 (Soldado), ponto 190, Ilha Grande",-23.1633277,-44.188679,TRUE,2014,MN83652,,
77,Museum,Marmosops incanus,"Módulo Leste, RAPELD, IG, L21500 (Abraão), ponto 250, Ilha Grande",-23.14591,-44.180481,TRUE,2014,MN83653,,
78,Museum,Marmosops incanus,"PARNASO, Garrafão",-22.474444,-42.993333,TRUE,2004,MN76646,labvert,
79,Museum,Marmosops incanus,"PARNASO, Garrafão",-22.474444,-42.993333,TRUE,2005,MN76650,labvert,
80,Museum,Marmosops incanus,"PARNASO, Garrafão",-22.474444,-42.993333,TRUE,2004,MN81884,labvert,
81,Museum,Marmosops incanus,"PARNASO, Garrafão, Rio Soberto",-22.475,-42.994444,TRUE,2000,MN76833,labvert,
82,Museum,Marmosops incanus,"PARNASO, Garrafão, Rio Soberto",-22.475,-42.994444,TRUE,2001,MN76835,labvert,
83,Museum,Marmosops incanus,"PARNASO, Garrafão, Rio Soberto",-22.4725,-42.995833,TRUE,2001,MN76837,labvert,
84,Museum,Marmosops incanus,"PARNASO, Garrafão, Rio Soberto",-22.4725,-42.995833,TRUE,2001,MN76838,labvert,
85,Museum,Marmosops incanus,"PARNASO, Garrafão, Rio Soberto",-22.475,-42.994444,TRUE,2001,MN76839,labvert,
86,Museum,Marmosops incanus,"PARNASO, Garrafão, Rio Soberto",-22.475,-42.994444,TRUE,2002,MN76841,labvert,
87,Museum,Marmosops incanus,"PARNASO, Garrafão, Rio Soberto",-22.475,-42.994444,TRUE,2009,MN76843,labvert,
88,Museum,Marmosops incanus,"PARNASO, Garrafão, Rio Soberto",-22.475,-42.994444,TRUE,1996,MN76850,labvert,
89,Museum,Marmosops incanus,"PARNASO, Garrafão, Rio Soberto",-22.4725,-42.995833,TRUE,1997,MN76862,labvert,
90,Museum,Marmosops incanus,"PARNASO, Garrafão, Rio Soberto",-22.4725,-42.995833,TRUE,1997,MN76863,labvert,
91,Museum,Marmosops incanus,"PARNASO, Garrafão, Rio Soberto",-22.475,-42.994444,TRUE,1997,MN76864,labvert,
92,Museum,Marmosops incanus,"PARNASO, Garrafão, Rio Soberto",-22.4725,-42.995833,TRUE,1997,MN76865,labvert,
93,Museum,Marmosops incanus,"PARNASO, Garrafão, Rio Soberto",-22.475,-42.994444,TRUE,1998,MN76870,labvert,
94,Museum,Marmosops incanus,"PARNASO, Garrafão, Rio Soberto",-22.4725,-42.995833,TRUE,1998,MN76871,labvert,
95,Museum,Marmosops incanus,"PARNASO, Garrafão, Rio Soberto",-22.475,-42.994444,TRUE,1998,MN76872,labvert,
96,Museum,Marmosops incanus,"PARNASO, Garrafão, Rio Soberto",-22.478611,-42.988889,TRUE,1998,MN76873,labvert,
97,Museum,Marmosops incanus,"PARNASO, Garrafão, Rio Soberto",-22.475,-42.994444,TRUE,1998,MN76874,labvert,
98,Museum,Marmosops incanus,"PARNASO, Garrafão, Rio Soberto",-22.4725,-42.995833,TRUE,1998,MN76875,labvert,
99,Museum,Marmosops incanus,"PARNASO, Garrafão, Rio Soberto",-22.4725,-42.995833,TRUE,1999,MN76877,labvert,
100,Museum,Marmosops incanus,"PARNASO, Garrafão, Rio Soberto",-22.4725,-42.995833,TRUE,2006,MN81885,labvert,
101,Museum,Marmosops incanus,"PARNASO, Garrafão, Rio Soberto",-22.4725,-42.995833,TRUE,2003,MN81888,labvert,
102,Museum,Marmosops incanus,"PARNASO, Garrafão, Rio Soberto",-22.4725,-42.995833,TRUE,2003,MN81889,labvert,
103,Museum,Marmosops incanus,"PARNASO, Garrafão, Rio Soberto",-22.475,-42.994444,TRUE,2006,MN81890,labvert,
104,Museum,Marmosops incanus,"PARNASO, Garrafão, Rio Soberto",-22.4725,-42.995833,TRUE,2006,MN81891,labvert,
105,Museum,Marmosops incanus,"PARNASO, Garrafão, Rio Soberto",-22.478611,-42.988889,TRUE,2014,MN81893,labvert,
106,Museum,Marmosops incanus,"PARNASO, Garrafão, Rio Soberto",-22.4725,-42.995833,TRUE,1997,MN83642,labvert,
107,Museum,Marmosops incanus,"PARNASO, Garrafão, Rio Soberto",-22.475,-42.994444,TRUE,1997,MN83643,labvert,
108,Museum,Marmosops incanus,"PARNASO, Garrafão, Rio Soberto",-22.4725,-42.995833,TRUE,1997,MN83644,labvert,
109,Museum,Marmosops incanus,"PARNASO, Garrafão, Rio Soberto",-22.475,-42.994444,TRUE,1997,MN83645,labvert,
110,Museum,Marmosops incanus,"PARNASO, Garrafão, Rio Soberto",-22.4725,-42.995833,TRUE,1997,MN83646,labvert,
111,Museum,Marmosops incanus,"PARNASO, Garrafão, Rio Soberto",-22.475,-42.994444,TRUE,1997,MN83647,labvert,
112,Museum,Marmosops incanus,"PARNASO, Garrafão, Rio Soberto",-22.475,-42.994444,TRUE,1997,MN83678,labvert,
113,Museum,Marmosops incanus,"PARNASO, Rancho Frio",-22.458056,-43.003889,TRUE,2012,MN81925,labvert,
114,Museum,Marmosops incanus,"PARNASO, Rancho Frio",-22.458056,-43.003889,TRUE,2012,MN83648,labvert,
115,Museum,Marmosops incanus,"PARNASO, Rancho Frio",-22.458056,-43.003889,TRUE,2012,MN83649,labvert,
116,Museum,Marmosops incanus,"PARNASO, Rancho Frio",-22.458056,-43.003889,TRUE,2012,MN83650,labvert,
117,Museum,Marmosops incanus,"PARNASO, Rancho Frio",-22.458056,-43.003889,TRUE,2012,MN83651,labvert,
118,Museum,Marmosops incanus,"PARNASO, Sede Teresópolis",-22.454722,-42.997222,TRUE,2000,MN76279,labvert,
119,Museum,Marmosops incanus,"PARNASO, sub-sede",-22.493056,-43.001944,TRUE,1999,MN69891,Karen Dinucci,
120,Museum,Marmosops incanus,"PARNASO, sub-sede",-22.493056,-43.001944,TRUE,1999,MN70125,Karen Dinucci,
121,Museum,Marmosops incanus,"PARNASO, Vale do Rio Soberbo",-22.462778,-42.988889,TRUE,1999,MN74848,labvert,
122,Museum,Marmosops incanus,"PARNASO, Vale do Rio Soberbo",-22.462778,-42.988889,TRUE,1999,MN74849,labvert,
123,Museum,Marmosops incanus,"PARNASO, Vale do Rio Soberbo",-22.462778,-42.988889,TRUE,1999,MN74851,labvert,
124,Museum,Marmosops incanus,"PARNASO, Vale do Rio Soberbo",-22.462778,-42.988889,TRUE,1999,MN74852,labvert,
125,Museum,Marmosops incanus,"Parque Nacional do Caparaó, 25 km N/4 km W Pico da Bandeira",-20.366667,-41.8,TRUE,1992,MN31928,Expedição Field Museum-Museu Nacional,
126,Museum,Marmosops incanus,"Pirapetinga, Minas Gerais (etiqueta do coletor)",-21.603868,-42.200664,TRUE,2009,MN72740,"F. Pessôa, T. Modesto",
127,Museum,Marmosops incanus,"Pirineus, Reserva Biológica Macaé de Cima",-22.433333,-42.5,TRUE,1999,MN69754,"I. A. Oliveira, V. P. Firme",
128,Museum,Marmosops incanus,Pousada Água Quente,-18.086139,-43.179861,TRUE,2007,MN82811,Lena Geise,
129,Museum,Marmosops incanus,Pousada Água Quente,-18.08775,-43.181639,TRUE,2011,MN82818,Lena Geise,
130,Museum,Marmosops incanus,"Pousada Rural Recanto do Vale, Fazenda São José",-18.397583,-43.542056,TRUE,2007,MN82812,Lena Geise,
131,Museum,Marmosops incanus,"Pousada Rural Recanto do Vale, Fazenda São José",-18.397583,-43.542056,TRUE,2007,MN82813,Lena Geise,
132,Museum,Marmosops incanus,"Pousada Rural Recanto do Vale, Fazenda São José",-18.397583,-43.542056,TRUE,2007,MN82814,Lena Geise,
133,Museum,Marmosops incanus,"Pousada Rural Recanto do Vale, Fazenda São José",-18.397583,-43.542056,TRUE,2007,MN82815,Lena Geise,
134,Museum,Marmosops incanus,"R. B. E. Praia do Sul, Aventureiro, Ilha Grande",-23.173482,-44.300551,TRUE,1991,MN29813,"V. O. Penna Firme, R. B. Pineschi",
135,Museum,Marmosops incanus,R. E. Guapiaçú,-22.4,-42.733333,TRUE,2004,MN71790,Helena Bergallo,
136,Museum,Marmosops incanus,R. E. Guapiaçú,-22.4,-42.733333,TRUE,2004,MN71792,Helena Bergallo,
137,Museum,Marmosops incanus,R. E. Guapiaçú,-22.4,-42.733333,TRUE,2004,MN71825,Helena Bergallo,
138,Museum,Marmosops incanus,R. E. Guapiaçú,-22.4,-42.733333,TRUE,2004,MN71827,Helena Bergallo,
139,Museum,Marmosops incanus,Reservatório Ribeirão das Lages,-22.633333,-43.9,TRUE,2006,MN75300,P. S. D’Andréa,
140,Museum,Marmosops incanus,Sítio Antônio da Flora,-18.079833,-43.2035,TRUE,2011,MN82816,Lena Geise,
141,Museum,Marmosops incanus,Sítio Antônio da Flora,-18.079833,-43.2035,TRUE,2011,MN82817,Lena Geise,
142,Museum,Marmosops incanus,Sítio Antônio da Flora,-18.079833,-43.2035,TRUE,2011,MN82819,Lena Geise,
143,Museum,Marmosops incanus,Sítio Rosemary,-22.496003,-42.863414,TRUE,2007,MN76286,labvert,
144,Museum,Marmosops incanus,Sítio Rosemary,-22.496003,-42.863414,TRUE,2000,MN76291,labvert,
145,Museum,Marmosops incanus,Sítio Rosemary,-22.492347,-42.860217,TRUE,2000,MN76293,labvert,
146,Museum,Marmosops incanus,Sítio Rosemary,-22.496003,-42.863414,TRUE,2001,MN76390,labvert,
147,Museum,Marmosops incanus,Sítio Rosemary,-22.496003,-42.863414,TRUE,2001,MN76391,labvert,
148,Museum,Marmosops incanus,UHE Irapé,-16.737511,-42.574983,TRUE,2006,MN73445,M. Olimpia G. Lopes,
149,Museum,Marmosops incanus,UHE Irapé,-16.737511,-42.574983,TRUE,2006,MN73446,M. Olimpia G. Lopes,
150,Museum,Marmosops incanus,UHE Irapé,-15.737511,-41.574983,TRUE,2006,MN73447,M. Olimpia G. Lopes,
151,Museum,Marmosops incanus,UHE Irapé,-16.737511,-42.574983,TRUE,2006,MN73456,M. Olimpia G. Lopes,
152,Museum,Marmosops incanus,UHE Irapé,-16.737511,-42.574983,TRUE,2006,MN73457,M. Olimpia G. Lopes,
153,Museum,Marmosops incanus,,-22.029583,-43.187278,TRUE,2007,MN69965,Marcelle B. Pacheco,
154,Museum,Marmosops incanus,,-21.77085,-42.470667,TRUE,2009,MN71623,"F. Pessôa, T. Modesto",
155,Museum,Marmosops incanus,,-21.77085,-42.470667,TRUE,2009,MN71624,"F. Pessôa, T. Modesto",
156,Museum,Marmosops incanus,,-21.605482,-42.200045,TRUE,2009,MN72717,"F. Pessôa, T. Modesto",
157,Museum,Marmosops incanus,,-21.606377,-42.202778,TRUE,2009,MN72743,"F. Pessôa, T. Modesto",
158,Museum,Marmosops incanus,,-20.345556,-40.699083,TRUE,2010,MN75054,P. Cobra,
159,Museum,Marmosops incanus,,-20.345556,-40.699083,TRUE,2010,MN75055,P. Cobra,
160,Museum,Marmosops incanus,Tinguá,-22.6,-43.433333,TRUE,1988,MN27826,labvert,
161,Museum,Marmosops incanus,"Reserva Biológica de Poço das Antas, mata secundária “Portuense”",-22.55,-42.28,TRUE,1988,MN29420,Smithsonian,
162,Museum,Marmosops incanus,"Reserva Biológica de Poço das Antas, mata secundária “Portuense”",-22.55,-42.28,TRUE,1988,MN29421,Smithsonian,
163,Museum,Marmosops incanus,"Estação Biológica de Boracéia, 3 km E, 28 km SE Biritiba-Mirim (by rd.)",-23.65,-45.9,TRUE,1994,MZ029180,M. A. Mustrangi,
164,Museum,Marmosops incanus,"Estação Biológica de Boracéia, 3 km E, 28 km SE Biritiba-Mirim (by rd.)",-23.65,-45.9,TRUE,1994,MZ029181,M. A. Mustrangi,
165,Museum,Marmosops incanus,"Estação Biológica de Boracéia, 3 km E, 28 km SE Biritiba-Mirim (by rd.)",-23.65,-45.9,TRUE,1994,MZ029182,J. L Patton,
166,Museum,Marmosops incanus,"Estação Biológica de Caratinga, Fazenda Montes Claros, 54 km E Caratinga (by rd.), 500 m; Brasil, Minas Gerais, Caratinga; -19.8333300000, -41.8333300000",-19.83333,-41.83333,TRUE,1993,MZ029177,M. A. Mustrangi,
167,Museum,Marmosops incanus,"Fragmentos Florestais Cia. Aracruz Celulose; Brasil, Espírito Santo, Aracruz; -19.8333300000, -40.1666700000",-19.83333,-40.16667,TRUE,1993,MZ029175,M. A. Mustrangi,
168,Museum,Marmosops incanus,"Morro da Torre da TeleBahia, Chapada Diamantina",-12.533333,-41.407472,TRUE,2002,MZ034881,Lena Geise,
169,Museum,Marmosops incanus,"Morro da Torre da TeleBahia, Chapada Diamantina",-12.533333,-41.408222,TRUE,2002,MZ034887,Lena Geise,
170,Museum,Marmosops incanus,"Parque Estadual de Ilhabela, Ilha de São Sebastião",-23.81667,-45.35,TRUE,1993,MZ029171,M. A. Mustrangi,
171,Museum,Marmosops incanus,"Remanso, Chapada Diamantina",-12.611139,-41.357583,TRUE,2002,MZ033835,Lena Geise,
172,Museum,Marmosops incanus,"Remanso, Chapada Diamantina",-12.613556,-41.364333,TRUE,2002,MZ033836,Lena Geise,
173,Museum,Marmosops incanus,"Remanso, Chapada Diamantina",-12.613556,-41.364333,TRUE,2002,MZ033837,Lena Geise,
174,Museum,Marmosops incanus,"Remanso, Chapada Diamantina",-12.611139,-41.357583,TRUE,2002,MZ033838,Lena Geise,
175,Museum,Marmosops incanus,"Remanso, Chapada Diamantina",-12.612278,-41.361694,TRUE,2002,MZ033839,Lena Geise,
176,Museum,Marmosops incanus,"Remanso, Chapada Diamantina",-12.611333,-41.359361,TRUE,2002,MZ033840,Lena Geise,
177,Museum,Marmosops incanus,"Remanso, Chapada Diamantina",-12.610861,-41.354611,TRUE,2002,MZ033841,Lena Geise,
178,Museum,Marmosops incanus,"Remanso, Chapada Diamantina",-12.611333,-41.359361,TRUE,2002,MZ033842,Lena Geise,
179,Museum,Marmosops incanus,"Remanso, Chapada Diamantina",-12.60805,-41.359111,TRUE,2002,MZ033843,Lena Geise,
180,Museum,Marmosops incanus,"Remanso, Chapada Diamantina",-12.611333,-41.359361,TRUE,2002,MZ033844,Lena Geise,
181,Museum,Marmosops incanus,"Remanso, Chapada Diamantina",-12.609278,-41.359472,TRUE,2002,MZ033845,Lena Geise,
182,Museum,Marmosops incanus,"Remanso, Chapada Diamantina",-12.608667,-41.359222,TRUE,2002,MZ033846,Lena Geise,
183,Museum,Marmosops incanus,"Remanso, Chapada Diamantina",-12.611333,-41.359361,TRUE,2002,MZ033847,Lena Geise,
184,Museum,Marmosops incanus,"Remanso, Chapada Diamantina",-12.610861,-41.354611,TRUE,2002,MZ033848,Lena Geise,
185,Museum,Marmosops incanus,"Remanso, Chapada Diamantina",-12.610861,-41.354611,TRUE,2002,MZ034863,Lena Geise,
186,Museum,Marmosops incanus,"Remanso, Chapada Diamantina",-12.610861,-41.354611,TRUE,2002,MZ034864,Lena Geise,
187,Museum,Marmosops incanus,"Remanso, Chapada Diamantina",-12.610528,-41.357361,TRUE,2002,MZ034865,Lena Geise,
188,Museum,Marmosops incanus,"Remanso, Chapada Diamantina",-12.610528,-41.357361,TRUE,2002,MZ034866,Lena Geise,
189,Museum,Marmosops incanus,"Remanso, Chapada Diamantina",-12.610528,-41.357361,TRUE,2002,MZ034867,Lena Geise,
190,Museum,Marmosops incanus,"Remanso, Chapada Diamantina",-12.5729722,-41.3608056,TRUE,2002,MZ034882,Lena Geise,
191,Museum,Marmosops incanus,"Remanso, Chapada Diamantina",-12.572278,-41.354389,TRUE,2002,MZ034883,Lena Geise,
192,Museum,Marmosops incanus,"Remanso, Chapada Diamantina",-12.574944,-41.355639,TRUE,2002,MZ034884,Lena Geise,
193,Museum,Marmosops incanus,"Remanso, Chapada Diamantina",-12.572139,-41.359389,TRUE,2002,MZ034885,Lena Geise,
194,Museum,Marmosops incanus,Fazenda Intervales,-24.3333333333,-48.4166666667,TRUE,1988,MZ027306,M. de Vivo,
195,Museum,Marmosops incanus,"Fazenda Intervales, 700 m; Brasil, São Paulo, Capão Bonito; -24.3333333333, -48.4166666667",-24.3333333333,-48.4166666667,TRUE,1988,MZ027301,,
196,Museum,Marmosops incanus,"Fazenda Intervales, 700 m; Brasil, São Paulo, Capão Bonito; -24.3333333333, -48.4166666667",-24.3333333333,-48.4166666667,TRUE,1988,MZ027302,,
197,Museum,Marmosops incanus,"Fazenda Intervales, 700 m; Brasil, São Paulo, Capão Bonito; -24.3333333333, -48.4166666667",-24.3333333333,-48.4166666667,TRUE,1988,MZ027303,,
198,Museum,Marmosops incanus,"Fazenda Intervales, 700 m; Brasil, São Paulo, Capão Bonito; -24.3333333333, -48.4166666667",-24.3333333333,-48.4166666667,TRUE,1988,MZ027304,M. de Vivo,
199,Museum,Marmosops incanus,"Fazenda Intervales, 700 m; Brasil, São Paulo, Capão Bonito; -24.3333333333, -48.4166666667",-24.3333333333,-48.4166666667,TRUE,1988,MZ027305,M. de Vivo,
200,Museum,Marmosops incanus,AHE Pompéu.,-19.501402,-44.997846,TRUE,2011,MCN-M 2576,Carla M. G. Morais,
201,Museum,Marmosops incanus,"APE Barreiro, PESRM",-20.014785,-43.991832,TRUE,2008,MCN-M 1977,Flávia Nunes Vieira e Isaura Ribeiro,
202,Museum,Marmosops incanus,"APE Barreiro, PESRM",-20.014785,-43.991832,TRUE,1994,MCN-M 322,Edeltrudes M. V. C. Câmara,
203,Museum,Marmosops incanus,"APE Barreiro, PESRM",-20.014785,-43.991832,TRUE,1998,MCN-M 485,Edeltrudes M. V. C. Câmara,
204,Museum,Marmosops incanus,"APE Barreiro, PESRM",-20.014785,-43.991832,TRUE,1999,MCN-M 572,Edeltrudes M. V. C. Câmara,
205,Museum,Marmosops incanus,"APE Barreiro, PESRM",-20.014785,-43.991832,TRUE,1999,MCN-M 576,Edeltrudes M. V. C. Câmara,
206,Museum,Marmosops incanus,"APE Barreiro, PESRM",-20.014785,-43.991832,TRUE,1999,MCN-M 580,Edeltrudes M. V. C. Câmara,
207,Museum,Marmosops incanus,"APE Barreiro, PESRM",-20.014785,-43.991832,TRUE,1999,MCN-M 612,Edeltrudes M. V. C. Câmara,
208,Museum,Marmosops incanus,"APE Barreiro, PESRM",-20.014785,-43.991832,TRUE,1999,MCN-M 659,Edeltrudes M. V. C. Câmara,
209,Museum,Marmosops incanus,"APE Barreiro, PESRM",-20.014785,-43.991832,TRUE,1999,MCN-M 691,Edeltrudes M. V. C. Câmara,
210,Museum,Marmosops incanus,"APE Barreiro, PESRM",-20.014785,-43.991832,TRUE,2000,MCN-M 711,Ana Paula G. Duarte Silva,
211,Museum,Marmosops incanus,"APE Barreiro, PESRM",-20.014785,-43.991832,TRUE,2000,MCN-M 865,Edeltrudes M. V. C. Câmara,
212,Museum,Marmosops incanus,Mina de Abóboras VALE,-20.137149,-43.903293,TRUE,2010,MCN-M 2288,Maíra Lourenço Assunção,
213,Museum,Marmosops incanus,Mina de Água Limpa VALE,-19.934503,-43.211234,TRUE,2012,MCN-M 2969,Kátia Regina da Silva,
214,Museum,Marmosops incanus,Mina de Água Limpa VALE,-19.934503,-43.211234,TRUE,2012,MCN-M 2971,Kátia Regina da Silva,
215,Museum,Marmosops incanus,Mina de Alegria VALE,-20.158518,-43.468291,TRUE,2009,MCN-M 1590,Carla M. G. Morais,
216,Museum,Marmosops incanus,Mina de Córrego do Meio VALE,-19.863949,-43.787522,TRUE,2009,MCN-M 1925,Danilo G. Saraiva e Gislene Rocha Fournier,
217,Museum,Marmosops incanus,Mina de Fazendão VALE,-20.150013,-43.433983,TRUE,2010,MCN-M 2434,Kátia Regina da Silva,
218,Museum,Marmosops incanus,Mina de Fazendão VALE,-20.150013,-43.433983,TRUE,2010,MCN-M 2609,Érica D. Cunha Carmo,
219,Museum,Marmosops incanus,Mina de Fazendão VALE,-20.150013,-43.433983,TRUE,2012,MCN-M 2979,Kátia Regina da Silva,
220,Museum,Marmosops incanus,Mina de Timbopeba VALE,-20.258588,-43.533426,TRUE,2011,MCN-M 2930,Bruno Teixeira,
221,Museum,Marmosops incanus,Mina Esperança - Ferro US.,-20.110841,-44.211541,TRUE,2009,MCN-M 2276,Érica D. Cunha Carmo,
222,Museum,Marmosops incanus,Mineração Riacho dos Machados,-16.045907,-43.131017,TRUE,2012,MCN-M 2774,Antônio A. Menezes e Fernando Costa,
223,Museum,Marmosops incanus,Mineração Riacho dos Machados,-16.054252,-43.132593,TRUE,2012,MCN-M 2783,Antônio A. Menezes e Fernando Costa,
224,Museum,Marmosops incanus,Mineração Riacho dos Machados,-16.051248,-43.131032,TRUE,2012,MCN-M 2790,Antônio A. Menezes e Fernando Costa,
225,Museum,Marmosops incanus,Museu de Inhotim,-20.11494,-44.229304,TRUE,2009,MCN-M 2356,Érica D. Cunha Carmo,
226,Museum,Marmosops incanus,Parque Municipal das Mangabeiras,-19.947,-43.905,TRUE,1997,MCN-M 130,Leonardo G. Lessa,
227,Museum,Marmosops incanus,Parque Municipal das Mangabeiras,-19.947,-43.905,TRUE,1997,MCN-M 1324,Leonardo G. Lessa,
228,Museum,Marmosops incanus,Parque Municipal das Mangabeiras,-19.947,-43.905,TRUE,1997,MCN-M 1509,Leonardo G. Lessa,
229,Museum,Marmosops incanus,Parque Municipal das Mangabeiras,-19.947,-43.905,TRUE,1997,MCN-M 385,Edeltrudes M. V. C. Câmara,
230,Museum,Marmosops incanus,Parque Municipal das Mangabeiras,-19.947,-43.905,TRUE,1997,MCN-M 386,Edeltrudes M. V. C. Câmara,
231,Museum,Marmosops incanus,Parque Municipal das Mangabeiras,-19.947,-43.905,TRUE,1997,MCN-M 396,Edeltrudes M. V. C. Câmara,
232,Museum,Marmosops incanus,Parque Municipal das Mangabeiras,-19.947,-43.905,TRUE,1997,MCN-M 412,Ronald Carvalho Jr.,
233,Museum,Marmosops incanus,UHE Irapé,-16.759927,-42.586195,TRUE,2006,MCN-M 2831,Rodrigo M. Alvarenga,
234,Museum,Marmosops incanus,UHE Irapé,-16.759927,-42.586195,TRUE,2006,MCN-M 2832,Thomaz Chausson,
235,Museum,Marmosops incanus,UHE Irapé,-16.759927,-42.586195,TRUE,2004,MCN-M 2856,Carolina de Bessa Reis e Fernanda Lira Santiago,
236,Museum,Marmosops incanus,UHE Irapé,-16.759927,-42.586195,TRUE,2006,MCN-M 2915,Rodrigo M. Alvarenga,
237,Museum,Marmosops incanus,UHE Travessão,-19.492291,-41.154553,TRUE,2009,MCN-M 2553,Carla M. G. Morais,
238,Museum,Marmosops incanus,UHE Travessão.,-19.492291,-41.154553,TRUE,2009,MCN-M 2550,Carla M. G. Morais,
239,Museum,Marmosops incanus,,-18.878761,-43.424064,TRUE,2009,MCN-M 1520,Flávia Nunes Vieira e Isaura Ribeiro,
240,Museum,Marmosops incanus,,-22.094372,-44.652793,TRUE,2009,MCN-M 1605,Alex José de Almeida,
241,Museum,Marmosops incanus,,-18.951583,-43.382528,TRUE,2009,MCN-M 1659,Karla P. G. Leal,
242,Museum,Marmosops incanus,,-16.161266,-40.357311,TRUE,2009,MCN-M 1685,Ana Carolina C. Henriques,
243,Museum,Marmosops incanus,,-16.161266,-40.357311,TRUE,2009,MCN-M 1687,Ana Carolina C. Henriques,
244,Museum,Marmosops incanus,,-15.8,-40.516667,TRUE,2003,MCN-M 1804,Pedro Amaral Oliveira,
245,Museum,Marmosops incanus,,-15.8,-40.516667,TRUE,2003,MCN-M 1805,Pedro Amaral Oliveira,
246,Museum,Marmosops incanus,,-19.604167,-43.267917,TRUE,2008,MCN-M 1982,Karla P. G. Leal e Edeltrudes M.V.C. Câmara,
247,Museum,Marmosops incanus,,-19.620306,-43.267972,TRUE,2008,MCN-M 2017,Flávia Nunes Vieira,
248,Museum,Marmosops incanus,,-20.29202,-44.390916,TRUE,2011,MCN-M 2135,Lívia Diniz e Rejane Alves,
249,Museum,Marmosops incanus,,-20.29202,-44.390916,TRUE,2011,MCN-M 2174,Lívia Diniz e Rejane Alves,
250,Museum,Marmosops incanus,,-20.132547,-43.413903,TRUE,2010,MCN-M 2351,Kátia Regina da Silva,
251,Museum,Marmosops incanus,,-20.229105,-43.9201,TRUE,2010,MCN-M 2610,Flávia Nunes Vieira,
252,Museum,Marmosops incanus,,-20.188291,-43.438744,TRUE,2012,MCN-M 2840,Kátia Regina da Silva,
253,Museum,Marmosops incanus,,-20.140071,-43.424885,TRUE,2011,MCN-M 2973,Lívia Nepomuceno,
254,Museum,Marmosops incanus,,-15.614841,-41.866543,TRUE,2000,MCN-M 834,Rodrigo L. Meyer,
255,Museum,Marmosops incanus,"3,17 Km SW de Luxemburgo",-20.14206,-40.61173,TRUE,2008,UFES1838,Bárbara Maria de Andrade Costa,
256,Museum,Marmosops incanus,"4,41 Km SW de Luxembrugo",-20.13924,-40.6144,TRUE,2008,UFES1833,Bárbara Maria de Andrade Costa,
257,Museum,Marmosops incanus,"4,41 Km SW de Luxembrugo",-20.13924,-40.6144,TRUE,2008,UFES1837,Bárbara Maria de Andrade Costa,
258,Museum,Marmosops incanus,"4,41 Km SW de Luxembrugo",-20.13924,-40.6144,TRUE,2008,UFES1840,Bárbara Maria de Andrade Costa,
259,Museum,Marmosops incanus,Alto Misterioso,-19.80408,-40.768634,TRUE,2007,UFES1618,Daniela Munhoz Rossoni,
260,Museum,Marmosops incanus,Amarelos,-20.51583,-40.4833333333333,TRUE,2015,UFES3123,Yuri Luiz Reis Leite,
261,Museum,Marmosops incanus,Barragem Peão (trilha A),-15.3136,-42.0144,TRUE,2008,UFES953,Simone Lóss de Freitas,
262,Museum,Marmosops incanus,Barragem Peão (trilha A),-15.3136,-42.0144,TRUE,2008,UFES954,Simone Lóss de Freitas,
263,Museum,Marmosops incanus,Barragem Peão (trilha B),-15.3136,-42.0144,TRUE,2008,UFES955,Simone Lóss de Freitas,
264,Museum,Marmosops incanus,Barragem Peão (trilha B),-15.3136,-42.0144,TRUE,2008,UFES956,Simone Lóss de Freitas,
265,Museum,Marmosops incanus,Barragem Peão (trilha B),-15.3136,-42.0144,TRUE,2008,UFES957,Simone Lóss de Freitas,
266,Museum,Marmosops incanus,Barragem Peão (trilha B),-15.3136,-42.0144,TRUE,2008,UFES958,Simone Lóss de Freitas,
267,Museum,Marmosops incanus,Buenos Aires,-20.658,-40.511,FALSE,2014,UFES2756,Yuri Luiz Reis Leite,
268,Museum,Marmosops incanus,Buenos Aires,-20.658,-40.511,FALSE,2014,UFES2792,Yuri Luiz Reis Leite,
269,Museum,Marmosops incanus,Buenos Aires,-20.57861,-40.5444444444444,TRUE,2015,UFES2861,Yuri Luiz Reis Leite,
270,Museum,Marmosops incanus,"Córrego Palmital, Mata dos Stur",-19.2044444444444,-40.7713888888889,TRUE,2006,UFES154,Leonora Pires Costa,
271,Museum,Marmosops incanus,"Córrego Palmital, Mata dos Stur",-19.2044444444444,-40.7713888888889,TRUE,2006,UFES155,Leonora Pires Costa,
272,Museum,Marmosops incanus,"Córrego Palmital, Mata dos Stur",-19.2044444444444,-40.7713888888889,TRUE,2006,UFES233,Leonora Pires Costa,
273,Museum,Marmosops incanus,"Córrego Palmital, Mata dos Stur",-19.2044444444444,-40.7713888888889,TRUE,2006,UFES234,Leonora Pires Costa,
274,Museum,Marmosops incanus,"Córrego Palmital, Mata dos Stur",-19.2044444444444,-40.7713888888889,TRUE,2006,UFES235,Leonora Pires Costa,
275,Museum,Marmosops incanus,"Córrego Palmital, Mata dos Stur",-19.2044444444444,-40.7713888888889,TRUE,2006,UFES862,Leonora Pires Costa,
276,Museum,Marmosops incanus,"Córrego São Bento, Fazenda do Dr. Rolly Luís",-19.2258333333333,-40.7383333333333,TRUE,2006,UFES236,Leonora Pires Costa,
277,Museum,Marmosops incanus,"Córrego São Bento, Fazenda do Dr. Rolly Luís",-19.2258333333333,-40.7383333333333,TRUE,2006,UFES237,Leonora Pires Costa,
278,Museum,Marmosops incanus,Estação Biológica de Santa Lúcia,-19.965,-40.5272222222222,TRUE,2008,UFES1208,Leonora Pires Costa,
279,Museum,Marmosops incanus,Estação Biológica de Santa Lúcia,-19.965,-40.5394444444444,TRUE,2009,UFES1476,Yuri Luiz Reis Leite,
280,Museum,Marmosops incanus,Estação Biológica de Santa Lúcia,-19.965,-40.5394444444444,TRUE,2009,UFES1478,Yuri Luiz Reis Leite,
281,Museum,Marmosops incanus,Estação Biológica de Santa Lúcia,-19.965,-40.5394444444444,TRUE,2009,UFES1479,Yuri Luiz Reis Leite,
282,Museum,Marmosops incanus,Estação Biológica de Santa Lúcia,-19.965,-40.5394444444444,TRUE,2009,UFES1481,Yuri Luiz Reis Leite,
283,Museum,Marmosops incanus,Estação Biológica de Santa Lúcia,-19.965,-40.5394444444444,TRUE,2009,UFES1484,Yuri Luiz Reis Leite,
284,Museum,Marmosops incanus,Estação Biológica de Santa Lúcia,-19.965,-40.5394444444444,TRUE,2010,UFES1598,Leonora Pires Costa,
285,Museum,Marmosops incanus,Estação Biológica de Santa Lúcia,-19.965,-40.5394444444444,TRUE,2010,UFES1606,Leonora Pires Costa,
286,Museum,Marmosops incanus,Estação Biológica de Santa Lúcia,-19.965,-40.53944,TRUE,2012,UFES2364,Leonora Pires Costa,
287,Museum,Marmosops incanus,Estação Biológica de Santa Lúcia,-19.965,-40.53944,TRUE,2014,UFES2820,Leonora Pires Costa,
288,Museum,Marmosops incanus,Estação Biológica de Santa Lúcia,-19.965,-40.53944,TRUE,2014,UFES2823,Leonora Pires Costa,
289,Museum,Marmosops incanus,Estação Biológica de Santa Lúcia,-19.965,-40.53944,TRUE,2014,UFES2824,Leonora Pires Costa,
290,Museum,Marmosops incanus,Estação Biológica de Santa Lúcia,-19.965,-40.5269444444444,TRUE,2004,UFES880,Yuri Luiz Reis Leite,
291,Museum,Marmosops incanus,Estação Biológica de Santa Lúcia,-19.965,-40.5269444444444,TRUE,2004,UFES881,Yuri Luiz Reis Leite,
292,Museum,Marmosops incanus,Estação Biológica de Santa Lúcia,-19.965,-40.5269444444444,TRUE,2004,UFES882,Yuri Luiz Reis Leite,
293,Museum,Marmosops incanus,Estação Biológica de Santa Lúcia,-19.965,-40.5269444444444,TRUE,2003,UFES883,Yuri Luiz Reis Leite,
294,Museum,Marmosops incanus,Estação Biológica de Santa Lúcia,-19.9694444444444,-40.5266666666667,TRUE,2006,UFES884,Yuri Luiz Reis Leite,
295,Museum,Marmosops incanus,Estação Biológica de Santa Lúcia,-19.9694444444444,-40.5266666666667,TRUE,2006,UFES885,Yuri Luiz Reis Leite,
296,Museum,Marmosops incanus,Estação Biológica de Santa Lúcia,-19.9527777777778,-40.5083333333333,TRUE,2005,UFES886,Leonora Pires Costa,
297,Museum,Marmosops incanus,Estação Biológica de Santa Lúcia,-19.9527777777778,-40.5083333333333,TRUE,2005,UFES887,Leonora Pires Costa,
298,Museum,Marmosops incanus,Estação Biológica de Santa Lúcia,-19.9527777777778,-40.5083333333333,TRUE,2005,UFES888,Leonora Pires Costa,
299,Museum,Marmosops incanus,Estação Biológica de Santa Lúcia,-19.9527777777778,-40.5083333333333,TRUE,2005,UFES889,Leonora Pires Costa,
300,Museum,Marmosops incanus,Estação Biológica de Santa Lúcia,-19.965,-40.5269444444444,TRUE,2004,UFES924,Yuri Luiz Reis Leite,
301,Museum,Marmosops incanus,Estação Biológica de Santa Lúcia,-19.965,-40.5272222222222,TRUE,2007,UFES926,Yuri Luiz Reis Leite,
302,Museum,Marmosops incanus,Fazenda da Pedra do Navio T3-P2,-21.5111,-44.9033,FALSE,2012,UFES2451,Valéria Fagundes,
303,Museum,Marmosops incanus,"Fazenda do Zequinha Manduca, Águas Claras",-18.8747222222222,-40.7861111111111,TRUE,2006,UFES231,Yuri Luiz Reis Leite,
304,Museum,Marmosops incanus,"Fazenda do Zequinha Manduca, Águas Claras",-18.8747222222222,-40.7861111111111,TRUE,2006,UFES232,Yuri Luiz Reis Leite,
305,Museum,Marmosops incanus,"Fazenda Lacerda, Águas Claras",-18.9733333333333,-40.7627777777778,TRUE,2006,UFES161,Yuri Luiz Reis Leite,
306,Museum,Marmosops incanus,"Fazenda Lacerda, Águas Claras",-18.9733333333333,-40.7627777777778,TRUE,2006,UFES162,Yuri Luiz Reis Leite,
307,Museum,Marmosops incanus,"Fazenda Lacerda, Águas Claras",-18.9733333333333,-40.7627777777778,TRUE,2006,UFES163,Yuri Luiz Reis Leite,
308,Museum,Marmosops incanus,"Fazenda Lacerda, Águas Claras",-18.9733333333333,-40.7627777777778,TRUE,2006,UFES164,Yuri Luiz Reis Leite,
309,Museum,Marmosops incanus,"Fazenda Lacerda, Águas Claras",-18.8897222222222,-40.8066666666667,TRUE,2006,UFES208,Yuri Luiz Reis Leite,
310,Museum,Marmosops incanus,"Fazenda Lacerda, Águas Claras",-18.8897222222222,-40.8066666666667,TRUE,2006,UFES209,Yuri Luiz Reis Leite,
311,Museum,Marmosops incanus,Fazenda Pedra Redonda,-18.9733333333333,-40.8127777777778,TRUE,2006,UFES210,Yuri Luiz Reis Leite,
312,Museum,Marmosops incanus,Fazenda Pedra Redonda,-18.9733333333333,-40.8127777777778,TRUE,2006,UFES211,Yuri Luiz Reis Leite,
313,Museum,Marmosops incanus,Fazenda Pedra Redonda,-18.9733333333333,-40.8127777777778,TRUE,2006,UFES212,Yuri Luiz Reis Leite,
314,Museum,Marmosops incanus,Fazenda Pedra Redonda,-18.9733333333333,-40.8127777777778,TRUE,2006,UFES213,Yuri Luiz Reis Leite,
315,Museum,Marmosops incanus,Fazenda Pedra Redonda,-18.9733333333333,-40.8127777777778,TRUE,2006,UFES214,Yuri Luiz Reis Leite,
316,Museum,Marmosops incanus,Fazenda Pedra Redonda,-18.9733333333333,-40.8127777777778,TRUE,2006,UFES215,Yuri Luiz Reis Leite,
317,Museum,Marmosops incanus,"Fazenda Recanto, Sumidouro, Serra das Torres",-21.01311,-41.25411,TRUE,2007,UFES1658,Bárbara Maria de Andrade Costa,
318,Museum,Marmosops incanus,Floresta Nacional do Rio Preto,-18.3552777777778,-39.8225,TRUE,2009,UFES1194,Leonora Pires Costa,
319,Museum,Marmosops incanus,Floresta Nacional do Rio Preto,-18.3552777777778,-39.8225,TRUE,2009,UFES1195,Leonora Pires Costa,
320,Museum,Marmosops incanus,Floresta Nacional do Rio Preto,-18.3552777777778,-39.8225,TRUE,2009,UFES1196,Leonora Pires Costa,
321,Museum,Marmosops incanus,Floresta Nacional do Rio Preto,-18.3552777777778,-39.8225,TRUE,2009,UFES1197,Leonora Pires Costa,
322,Museum,Marmosops incanus,Floresta Nacional do Rio Preto,-18.3552777777778,-39.8441666666667,TRUE,2009,UFES1500,Leonora Pires Costa,
323,Museum,Marmosops incanus,Floresta Nacional do Rio Preto,-18.3552777777778,-39.8441666666667,TRUE,2009,UFES1501,Leonora Pires Costa,
324,Museum,Marmosops incanus,Floresta Nacional do Rio Preto,-18.3552777777778,-39.8441666666667,TRUE,2009,UFES1503,Leonora Pires Costa,
325,Museum,Marmosops incanus,Floresta Nacional do Rio Preto,-18.3552777777778,-39.8441666666667,TRUE,2009,UFES1505,Leonora Pires Costa,
326,Museum,Marmosops incanus,Floresta Nacional do Rio Preto,-18.3552777777778,-39.8441666666667,TRUE,2009,UFES1507,Leonora Pires Costa,
327,Museum,Marmosops incanus,Floresta Nacional do Rio Preto,-18.3558333333333,-39.8447222222222,TRUE,2015,UFES2896,Leonora Pires Costa,
328,Museum,Marmosops incanus,Floresta Nacional do Rio Preto,-18.3558333333333,-39.8447222222222,TRUE,2015,UFES2897,Leonora Pires Costa,
329,Museum,Marmosops incanus,Floresta Nacional do Rio Preto,-18.3558333333333,-39.8447222222222,TRUE,2015,UFES2898,Leonora Pires Costa,
330,Museum,Marmosops incanus,Floresta Nacional do Rio Preto,-18.3558333333333,-39.8447222222222,TRUE,2015,UFES2899,Leonora Pires Costa,
331,Museum,Marmosops incanus,Floresta Nacional do Rio Preto,-18.3558333333333,-39.8447222222222,TRUE,2015,UFES2900,Leonora Pires Costa,
332,Museum,Marmosops incanus,Floresta Nacional do Rio Preto,-18.3558333333333,-39.8447222222222,TRUE,2015,UFES2901,Leonora Pires Costa,
333,Museum,Marmosops incanus,Floresta Nacional do Rio Preto,-18.3558333333333,-39.8447222222222,TRUE,2015,UFES2903,Leonora Pires Costa,
334,Museum,Marmosops incanus,Floresta Nacional do Rio Preto,-18.3558333333333,-39.8447222222222,TRUE,2015,UFES2904,Leonora Pires Costa,
335,Museum,Marmosops incanus,Floresta Nacional do Rio Preto,-18.3558333333333,-39.8447222222222,TRUE,2015,UFES2905,Leonora Pires Costa,
336,Museum,Marmosops incanus,Floresta Nacional do Rio Preto (Trilha A),-18.35619,-39.84457,TRUE,2015,UFES3109,Leonora Pires Costa,
337,Museum,Marmosops incanus,Floresta Nacional do Rio Preto (Trilha C),-18.35967,-39.84766,TRUE,2015,UFES3101,Leonora Pires Costa,
338,Museum,Marmosops incanus,Floresta Nacional do Rio Preto (Trilha G),-18.35646,-39.85275,TRUE,2015,UFES3104,Leonora Pires Costa,
339,Museum,Marmosops incanus,Floresta Nacional do Rio Preto (Trilha J),-18.34865,-39.84865,TRUE,2015,UFES3107,Leonora Pires Costa,
340,Museum,Marmosops incanus,Floresta Nacional do Rio Preto (Trilha J),-18.34698,-39.85114,TRUE,2015,UFES3110,Leonora Pires Costa,
341,Museum,Marmosops incanus,"Mata da Lagoa, Sítio Krok",-18.9797222222222,-40.7197222222222,TRUE,2006,UFES228,Yuri Luiz Reis Leite,
342,Museum,Marmosops incanus,"Mata da Lagoa, Sítio Krok",-18.9797222222222,-40.7197222222222,TRUE,2006,UFES229,Yuri Luiz Reis Leite,
343,Museum,Marmosops incanus,"Mata da Lagoa, Sítio Krok",-18.9797222222222,-40.7197222222222,TRUE,2006,UFES230,Yuri Luiz Reis Leite,
344,Museum,Marmosops incanus,Mata da Pedra do Camelo,-19.2375,-40.7697222222222,TRUE,2006,UFES152,Leonora Pires Costa,
345,Museum,Marmosops incanus,Mata da Pedra do Camelo,-19.2375,-40.7697222222222,TRUE,2006,UFES238,Leonora Pires Costa,
346,Museum,Marmosops incanus,Mata da Pedra do Camelo,-19.2375,-40.7697222222222,TRUE,2006,UFES239,Leonora Pires Costa,
347,Museum,Marmosops incanus,Mata da Pedra do Camelo,-19.2375,-40.7697222222222,TRUE,2006,UFES240,Leonora Pires Costa,
348,Museum,Marmosops incanus,Mata da Pedra do Camelo,-19.2375,-40.7697222222222,TRUE,2006,UFES241,Leonora Pires Costa,
349,Museum,Marmosops incanus,Mata da Pedra do Camelo,-19.2375,-40.7697222222222,TRUE,2006,UFES242,Leonora Pires Costa,
350,Museum,Marmosops incanus,Mata da Pedra do Camelo,-19.2375,-40.7697222222222,TRUE,2006,UFES243,Leonora Pires Costa,
351,Museum,Marmosops incanus,Mata da Pedra do Camelo,-19.2375,-40.7697222222222,TRUE,2006,UFES244,Leonora Pires Costa,
352,Museum,Marmosops incanus,"Mata de Irineu Tatagiba, Alegoria",-21.03333,-41.70111,TRUE,2012,UFES2297,Leonora Pires Costa,
353,Museum,Marmosops incanus,"Mata dos Galiano, Águas Claras",-18.9161111111111,-40.8091666666667,TRUE,2006,UFES169,Yuri Luiz Reis Leite,
354,Museum,Marmosops incanus,"Mata dos Galiano, Águas Claras",-18.9161111111111,-40.8091666666667,TRUE,2006,UFES216,Yuri Luiz Reis Leite,
355,Museum,Marmosops incanus,"Mata dos Galiano, Águas Claras",-18.9161111111111,-40.8091666666667,TRUE,2006,UFES217,Yuri Luiz Reis Leite,
356,Museum,Marmosops incanus,"Mata dos Galiano, Águas Claras",-18.9161111111111,-40.8091666666667,TRUE,2006,UFES861,Yuri Luiz Reis Leite,
357,Museum,Marmosops incanus,"Mata Norte, Sítio Krok",-18.9777777777778,-40.7202777777778,TRUE,2006,UFES218,Yuri Luiz Reis Leite,
358,Museum,Marmosops incanus,"Mata Norte, Sítio Krok",-18.9777777777778,-40.7202777777778,TRUE,2006,UFES219,Yuri Luiz Reis Leite,
359,Museum,Marmosops incanus,"Mata Norte, Sítio Krok",-18.9777777777778,-40.7202777777778,TRUE,2006,UFES220,Yuri Luiz Reis Leite,
360,Museum,Marmosops incanus,"Mata Norte, Sítio Krok",-18.9777777777778,-40.7202777777778,TRUE,2006,UFES221,Yuri Luiz Reis Leite,
361,Museum,Marmosops incanus,"Mata Norte, Sítio Krok",-18.9777777777778,-40.7202777777778,TRUE,2006,UFES222,Yuri Luiz Reis Leite,
362,Museum,Marmosops incanus,"Mata Norte, Sítio Krok",-18.9777777777778,-40.7202777777778,TRUE,2006,UFES223,Yuri Luiz Reis Leite,
363,Museum,Marmosops incanus,"Mata Norte, Sítio Krok",-18.9777777777778,-40.7202777777778,TRUE,2006,UFES224,Yuri Luiz Reis Leite,
364,Museum,Marmosops incanus,"Mata Norte, Sítio Krok",-18.9777777777778,-40.7202777777778,TRUE,2006,UFES225,Yuri Luiz Reis Leite,
365,Museum,Marmosops incanus,"Mata Norte, Sítio Krok",-18.9777777777778,-40.7202777777778,TRUE,2006,UFES226,Yuri Luiz Reis Leite,
366,Museum,Marmosops incanus,"Mata Norte, Sítio Krok",-18.9777777777778,-40.7202777777778,TRUE,2006,UFES227,Yuri Luiz Reis Leite,
367,Museum,Marmosops incanus,Parque Estadual de Pedra Azul,-20.4,-40.9666666666667,TRUE,2003,UFES938,Yuri Luiz Reis Leite; Roberta Paresque,
368,Museum,Marmosops incanus,Parque Estadual de Pedra Azul,-20.4,-40.9666666666667,TRUE,2003,UFES939,Yuri Luiz Reis Leite; Roberta Paresque,
369,Museum,Marmosops incanus,Parque Estadual de Pedra Azul,-20.4,-40.9666666666667,TRUE,2003,UFES940,Yuri Luiz Reis Leite; Roberta Paresque,
370,Museum,Marmosops incanus,Parque Estadual de Pedra Azul,-20.4,-40.9666666666667,TRUE,2003,UFES941,Yuri Luiz Reis Leite; Roberta Paresque,
371,Museum,Marmosops incanus,Parque Estadual de Pedra Azul,-20.4,-40.9666666666667,TRUE,2003,UFES942,Yuri Luiz Reis Leite; Roberta Paresque,
372,Museum,Marmosops incanus,Parque Estadual do Forno Grande,-20.5166672,-41.0838894,TRUE,2013,UFES2555,Leonora Pires Costa,
373,Museum,Marmosops incanus,Parque Estadual do Forno Grande,-20.5166683,-41.0838905,TRUE,2013,UFES2566,Leonora Pires Costa,
374,Museum,Marmosops incanus,Parque Estadual do Forno Grande,-20.51886,-41.083444,TRUE,2014,UFES2696,Leonora Pires Costa,
375,Museum,Marmosops incanus,Parque Estadual do Forno Grande,-20.51886,-41.083444,TRUE,2014,UFES2700,Leonora Pires Costa,
376,Museum,Marmosops incanus,Parque Estadual do Forno Grande,-20.51886,-41.083444,TRUE,2014,UFES2725,Leonora Pires Costa,
377,Museum,Marmosops incanus,Parque Estadual do Forno Grande,-20.51886,-41.083444,TRUE,2014,UFES2726,Leonora Pires Costa,
378,Museum,Marmosops incanus,Parque Estadual do Forno Grande,-20.51886,-41.083444,TRUE,2014,UFES2730,Leonora Pires Costa,
379,Museum,Marmosops incanus,Parque Estadual do Forno Grande,-20.51886,-41.083444,TRUE,2014,UFES2731,Leonora Pires Costa,
380,Museum,Marmosops incanus,Parque Estadual Mata das Flores,-20.290833,-41.122222,TRUE,2013,UFES2668,Leonora Pires Costa,
381,Museum,Marmosops incanus,Parque Estadual Mata das Flores,-20.290833,-41.122222,TRUE,2013,UFES2669,Leonora Pires Costa,
382,Museum,Marmosops incanus,Parque Estadual Mata das Flores,-20.290833,-41.122222,TRUE,2014,UFES2674,Leonora Pires Costa,
383,Museum,Marmosops incanus,Parque Estadual Mata das Flores,-20.290833,-41.122222,TRUE,2014,UFES2675,Leonora Pires Costa,
384,Museum,Marmosops incanus,Parque Estadual Mata das Flores,-20.290833,-41.122222,TRUE,2014,UFES2678,Leonora Pires Costa,
385,Museum,Marmosops incanus,Parque Estadual Mata das Flores,-20.290833,-41.122222,TRUE,2014,UFES2679,Leonora Pires Costa,
386,Museum,Marmosops incanus,Parque Estadual Mata das Flores,-20.290833,-41.122222,TRUE,2014,UFES2680,Leonora Pires Costa,
387,Museum,Marmosops incanus,Parque Estadual Mata das Flores,-20.290833,-41.122222,TRUE,2014,UFES2681,Leonora Pires Costa,
388,Museum,Marmosops incanus,Parque Estadual Mata das Flores,-20.290833,-41.122222,TRUE,2014,UFES2683,Leonora Pires Costa,
389,Museum,Marmosops incanus,Parque Estadual Mata das Flores,-20.290833,-41.122222,TRUE,2014,UFES2684,Leonora Pires Costa,
390,Museum,Marmosops incanus,"Parque Nacional do Caparaó, Posto Pedra Roxa",-20.3963888888889,-41.7316666666667,TRUE,2006,UFES975,Valéria Fagundes,
391,Museum,Marmosops incanus,"Parque Nacional do Caparaó, Posto Pedra Roxa",-20.3963888888889,-41.7316666666667,TRUE,2006,UFES976,Valéria Fagundes,
392,Museum,Marmosops incanus,"Parque Nacional do Caparaó, Posto Santa Marta",-20.4972222222222,-41.7030555555556,TRUE,2006,UFES973,Valéria Fagundes,
393,Museum,Marmosops incanus,"Parque Nacional do Caparaó, Posto Santa Marta",-20.4972222222222,-41.7030555555556,TRUE,2006,UFES974,Valéria Fagundes,
394,Museum,Marmosops incanus,Pimenta,-20.3791666666667,-40.465,TRUE,2007,UFES725,Leonora Pires Costa,
395,Museum,Marmosops incanus,Pimenta,-20.3791666666667,-40.465,TRUE,2007,UFES726,Leonora Pires Costa,
396,Museum,Marmosops incanus,Pimenta,-20.3791666666667,-40.465,TRUE,2007,UFES727,Simone Lóss de Freitas,
397,Museum,Marmosops incanus,Pimenta,-20.3791666666667,-40.465,TRUE,2007,UFES728,Simone Lóss de Freitas,
398,Museum,Marmosops incanus,Pimenta,-20.3791666666667,-40.465,TRUE,2007,UFES729,Simone Lóss de Freitas,
399,Museum,Marmosops incanus,Pimenta,-20.3791666666667,-40.465,TRUE,2007,UFES730,Simone Lóss de Freitas,
400,Museum,Marmosops incanus,"Pirineus, Airituba",-20.95806,-41.67083,TRUE,2012,UFES2302,Leonora Pires Costa,
401,Museum,Marmosops incanus,"Pirineus, Airituba",-20.95806,-41.67083,TRUE,2012,UFES2360,Leonora Pires Costa,
402,Museum,Marmosops incanus,Reserva Biológica Córrego do Veado,-18.32444,-40.12611,TRUE,2009,UFES2153,Valéria Fagundes,
403,Museum,Marmosops incanus,Reserva Biológica Córrego do Veado,-18.32444,-40.12611,TRUE,2009,UFES2154,Valéria Fagundes,
404,Museum,Marmosops incanus,Reserva Biológica Córrego do Veado,-18.30583,-40.16472,TRUE,2011,UFES2155,Valéria Fagundes,
405,Museum,Marmosops incanus,Reserva Biológica Córrego do Veado,-18.30583,-40.16472,TRUE,2011,UFES2156,Valéria Fagundes,
406,Museum,Marmosops incanus,Reserva Biológica Córrego do Veado,-18.36166,-40.16638,TRUE,2011,UFES2157,Valéria Fagundes,
407,Museum,Marmosops incanus,Reserva Biológica Córrego do Veado,-18.32444,-40.12611,TRUE,2011,UFES2158,Valéria Fagundes,
408,Museum,Marmosops incanus,Reserva Biológica Córrego do Veado,-18.32444,-40.12611,TRUE,2011,UFES2159,Valéria Fagundes,
409,Museum,Marmosops incanus,Reserva Biológica Córrego do Veado,-18.30583,-40.16472,TRUE,2011,UFES2160,Valéria Fagundes,
410,Museum,Marmosops incanus,Reserva Biológica Córrego do Veado,-18.30583,-40.16472,TRUE,2011,UFES2161,Valéria Fagundes,
411,Museum,Marmosops incanus,Reserva Biológica Córrego do Veado,-18.30583,-40.16472,TRUE,2011,UFES2162,Valéria Fagundes,
412,Museum,Marmosops incanus,Reserva Biológica Córrego do Veado,-18.35666,-40.16611,TRUE,2011,UFES2163,Valéria Fagundes,
413,Museum,Marmosops incanus,Reserva Biológica Córrego do Veado,-18.36166,-40.14972,TRUE,2011,UFES2164,Valéria Fagundes,
414,Museum,Marmosops incanus,Reserva Biológica Córrego do Veado,-18.37055,-40.14166,TRUE,2011,UFES2165,Valéria Fagundes,
415,Museum,Marmosops incanus,Reserva Biológica Córrego do Veado,-18.37055,-40.14166,TRUE,2011,UFES2166,Valéria Fagundes,
416,Museum,Marmosops incanus,Reserva Biológica Córrego do Veado,-18.37055,-40.14166,TRUE,2011,UFES2167,Valéria Fagundes,
417,Museum,Marmosops incanus,Reserva Biológica Córrego do Veado,-18.37055,-40.14166,TRUE,2011,UFES2168,Valéria Fagundes,
418,Museum,Marmosops incanus,Reserva Biológica Córrego do Veado,-18.37055,-40.14166,TRUE,2011,UFES2169,Valéria Fagundes,
419,Museum,Marmosops incanus,Reserva Biológica Córrego do Veado,-18.37055,-40.14166,TRUE,2011,UFES2170,Valéria Fagundes,
420,Museum,Marmosops incanus,Reserva Biológica Córrego do Veado,-18.37055,-40.14166,TRUE,2011,UFES2171,Valéria Fagundes,
421,Museum,Marmosops incanus,Reserva Biológica Córrego do Veado,-18.30583,-40.16472,TRUE,2011,UFES2172,Valéria Fagundes,
422,Museum,Marmosops incanus,Reserva Biológica Córrego do Veado,-18.30583,-40.16472,TRUE,2011,UFES2173,Valéria Fagundes,
423,Museum,Marmosops incanus,Reserva Biológica Córrego do Veado,-18.30583,-40.16472,TRUE,2011,UFES2174,Valéria Fagundes,
424,Museum,Marmosops incanus,Reserva Biológica Córrego do Veado,-18.37055,-40.14166,TRUE,2011,UFES2175,Valéria Fagundes,
425,Museum,Marmosops incanus,Reserva Biológica Córrego do Veado,-18.30583,-40.16472,TRUE,2011,UFES2176,Valéria Fagundes,
426,Museum,Marmosops incanus,Reserva Biológica Córrego do Veado,-18.35666,-40.16472,TRUE,2011,UFES2177,Valéria Fagundes,
427,Museum,Marmosops incanus,Reserva Biológica Córrego do Veado,-18.37055,-40.14166,TRUE,2011,UFES2178,Valéria Fagundes,
428,Museum,Marmosops incanus,Reserva Biológica Córrego do Veado,-18.37055,-40.14166,TRUE,2011,UFES2179,Valéria Fagundes,
429,Museum,Marmosops incanus,Reserva Biológica Córrego do Veado,-18.37055,-40.14166,TRUE,2011,UFES2180,Valéria Fagundes,
430,Museum,Marmosops incanus,Reserva Biológica Córrego do Veado,-18.35666,-40.16472,TRUE,2011,UFES2181,Valéria Fagundes,
431,Museum,Marmosops incanus,Reserva Biológica Córrego do Veado,-18.36916,-40.13888,TRUE,2011,UFES2182,Valéria Fagundes,
432,Museum,Marmosops incanus,Reserva Biológica Córrego do Veado,-18.3703,-40.2133,TRUE,2009,UFES2403,Valéria Fagundes,
433,Museum,Marmosops incanus,Reserva Biológica Córrego do Veado,-18.3703,-40.2133,TRUE,2008,UFES2405,Valéria Fagundes,
434,Museum,Marmosops incanus,Reserva Biológica Córrego do Veado,-18.3703,-40.2133,TRUE,2008,UFES2407,Valéria Fagundes,
435,Museum,Marmosops incanus,Reserva Biológica Córrego do Veado (trilha Córrego das Moças),-18.36847,-40.16987,TRUE,2015,UFES2866,Leonora Pires Costa,
436,Museum,Marmosops incanus,Reserva Biológica Córrego do Veado (trilha das Antas),-18.37109,-40.1382,TRUE,2015,UFES2884,Leonora Pires Costa,
437,Museum,Marmosops incanus,Reserva Biológica de Sooretama,-19.05555,-40.14527,TRUE,2011,UFES2034,Yuri Luiz Reis Leite,
438,Museum,Marmosops incanus,Reserva Biológica de Sooretama,-19.05555,-40.14527,TRUE,2011,UFES2035,Yuri Luiz Reis Leite,
439,Museum,Marmosops incanus,"Reserva Biológica Duas Bocas, Alto Alegre",-20.2811111111111,-40.5113888888889,TRUE,2007,UFES3064,Leonora Pires Costa,
440,Museum,Marmosops incanus,"Reserva Biológica Duas Bocas, Alto Alegre",-20.2811111111111,-40.5113888888889,TRUE,2007,UFES419,Leonora Pires Costa,
441,Museum,Marmosops incanus,"Reserva Biológica Duas Bocas, Alto Alegre",-20.2811111111111,-40.5113888888889,TRUE,2008,UFES420,Leonora Pires Costa,
442,Museum,Marmosops incanus,"Reserva Biológica Duas Bocas, Alto Alegre",-20.2811111111111,-40.5113888888889,TRUE,2007,UFES461,Leonora Pires Costa,
443,Museum,Marmosops incanus,"Reserva Biológica Duas Bocas, Alto Alegre",-20.2811111111111,-40.5113888888889,TRUE,2007,UFES462,Leonora Pires Costa,
444,Museum,Marmosops incanus,"Reserva Biológica Duas Bocas, Alto Alegre",-20.2811111111111,-40.5113888888889,TRUE,2007,UFES463,Leonora Pires Costa,
445,Museum,Marmosops incanus,"Reserva Biológica Duas Bocas, Alto Alegre",-20.2811111111111,-40.5113888888889,TRUE,2007,UFES464,Leonora Pires Costa,
446,Museum,Marmosops incanus,"Reserva Biológica Duas Bocas, Alto Alegre",-20.2811111111111,-40.5113888888889,TRUE,2008,UFES465,Leonora Pires Costa,
447,Museum,Marmosops incanus,"Reserva Biológica Duas Bocas, Alto Alegre",-20.2811111111111,-40.5113888888889,TRUE,2008,UFES466,Leonora Pires Costa,
448,Museum,Marmosops incanus,"Reserva Biológica Duas Bocas, Alto Alegre",-20.2811111111111,-40.5113888888889,TRUE,2008,UFES467,Leonora Pires Costa,
449,Museum,Marmosops incanus,"Reserva Biológica Duas Bocas, Alto Alegre",-20.2811111111111,-40.5113888888889,TRUE,2008,UFES468,Leonora Pires Costa,
450,Museum,Marmosops incanus,"Reserva Biológica Duas Bocas, Alto Alegre",-20.2811111111111,-40.5113888888889,TRUE,2007,UFES469,Leonora Pires Costa,
451,Museum,Marmosops incanus,"Reserva Biológica Duas Bocas, Alto Alegre",-20.2811111111111,-40.5113888888889,TRUE,2007,UFES470,Leonora Pires Costa,
452,Museum,Marmosops incanus,"Reserva Biológica Duas Bocas, Alto Alegre",-20.2811111111111,-40.5113888888889,TRUE,2007,UFES471,Leonora Pires Costa,
453,Museum,Marmosops incanus,"Reserva Biológica Duas Bocas, Alto Alegre",-20.2811111111111,-40.5113888888889,TRUE,2007,UFES472,Leonora Pires Costa,
454,Museum,Marmosops incanus,"Reserva Biológica Duas Bocas, Alto Alegre",-20.2811111111111,-40.5113888888889,TRUE,2007,UFES473,Leonora Pires Costa,
455,Museum,Marmosops incanus,"Reserva Biológica Duas Bocas, Alto Alegre",-20.2811111111111,-40.5113888888889,TRUE,2007,UFES474,Leonora Pires Costa,
456,Museum,Marmosops incanus,Reserva Natural da Vale,-19.15139,-40.07028,TRUE,2011,UFES2635,Leonora Pires Costa,
457,Museum,Marmosops incanus,Reserva Natural da Vale,-19.15139,-40.07028,TRUE,2011,UFES2636,Leonora Pires Costa,
458,Museum,Marmosops incanus,Reserva Natural Vale,-19.3911,-40.0722,FALSE,2011,UFES2055,Mariana Ferreira Rocha,
459,Museum,Marmosops incanus,"Reserva Particular do Patrimônio Natural Oiutrem, Matilde",-20.53,-40.8,TRUE,2008,UFES1981,Roberto de B. Dantas; Rodrigo Barbosa Ferreira,
460,Museum,Marmosops incanus,"Reserva Particular do Patrimônio Natural Oiutrem, Matilde",-20.53,-40.8,TRUE,2008,UFES1982,Roberto de B. Dantas; Rodrigo Barbosa Ferreira,
461,Museum,Marmosops incanus,Ribeira,-20.3769444444444,-40.4416666666667,TRUE,2007,UFES721,Leonora Pires Costa,
462,Museum,Marmosops incanus,Ribeira,-20.3769444444444,-40.4416666666667,TRUE,2007,UFES722,Leonora Pires Costa,
463,Museum,Marmosops incanus,Ribeira,-20.3769444444444,-40.4416666666667,TRUE,2007,UFES723,Leonora Pires Costa,
464,Museum,Marmosops incanus,Ribeira,-20.3769444444444,-40.4416666666667,TRUE,2007,UFES724,Leonora Pires Costa,
465,Museum,Marmosops incanus,Rio da Prata,-20.658,-40.511,TRUE,2014,UFES2800,Yuri Luiz Reis Leite,
466,Museum,Marmosops incanus,"Sapucaia (ou Pinheiros), Alegoria",-21.0425,-41.71917,TRUE,2012,UFES2296,Leonora Pires Costa,
467,Museum,Marmosops incanus,"Sapucaia (ou Pinheiros), Alegoria",-21.0425,-41.71917,TRUE,2012,UFES2298,Leonora Pires Costa,
468,Museum,Marmosops incanus,"Sapucaia (ou Pinheiros), Alegoria",-21.0425,-41.71917,TRUE,2012,UFES2299,Leonora Pires Costa,
469,Museum,Marmosops incanus,"Sapucaia (ou Pinheiros), Alegoria",-21.0425,-41.71917,TRUE,2012,UFES2300,Leonora Pires Costa,
470,Museum,Marmosops incanus,"Sapucaia (ou Pinheiros), Alegoria",-21.0425,-41.71917,TRUE,2012,UFES2301,Leonora Pires Costa,
471,Museum,Marmosops incanus,"Sítio Pedra D'água, Área de Proteção Ambiental do Mestre Álvaro",-20.15841,-40.314473,TRUE,2013,UFES2529,Yuri Luiz Reis Leite,
472,Museum,Marmosops incanus,"Sítio Pedra D'água, Área de Proteção Ambiental do Mestre Álvaro",-20.15842,-40.31448,TRUE,2013,UFES2536,Yuri Luiz Reis Leite,
473,Museum,Marmosops incanus,"Sítio Pedra D'água, Área de Proteção Ambiental do Mestre Álvaro",-20.15842,-40.314482,TRUE,2013,UFES2538,Yuri Luiz Reis Leite,
474,Museum,Marmosops incanus,"Sítio Pedra D'água, Área de Proteção Ambiental do Mestre Álvaro",-20.15842,-40.314486,TRUE,2013,UFES2542,Yuri Luiz Reis Leite,
475,Museum,Marmosops incanus,"Trilha A, Barragem do Peão",-15.3136,-42.0144,TRUE,2008,UFES1964,Simone Lóss de Freitas,
476,Museum,Marmosops incanus,"Trilha A, Córrego São Luiz I",-19.22182,-40.81667,TRUE,2009,UFES1948,Yuri Luiz Reis Leite,
477,Museum,Marmosops incanus,"Trilha B, Córrego Panquinhas",-19.225,-40.8514,FALSE,2010,UFES1905,Israel de Souza Pinto,
478,Museum,Marmosops incanus,"Trilha B, Córrego São Luiz I",-19.21522,-40.81724,TRUE,2009,UFES1950,Yuri Luiz Reis Leite,
479,Museum,Marmosops incanus,"Trilha C, Córrego São Luiz I",-19.20995,-40.81923,TRUE,2009,UFES1949,Yuri Luiz Reis Leite,
480,Museum,Marmosops incanus,"Trilha C, Córrego São Luiz I",-19.20995,-40.81923,TRUE,2009,UFES1952,Yuri Luiz Reis Leite,
481,Museum,Marmosops incanus,"Trilha da Educação Ambiental, Reserva Biológica de Sooretama",-19.05555,-40.14722,TRUE,2011,UFES2029,Yuri Luiz Reis Leite,
482,Museum,Marmosops incanus,"Trilha da Educação Ambiental, Reserva Biológica de Sooretama",-19.05555,-40.14722,TRUE,2011,UFES2030,Yuri Luiz Reis Leite,
483,Museum,Marmosops incanus,"Trilha da Educação Ambiental, Reserva Biológica de Sooretama",-19.05555,-40.14722,TRUE,2011,UFES2031,Yuri Luiz Reis Leite,
484,Museum,Marmosops incanus,"Trilha da Educação Ambiental, Reserva Biológica de Sooretama",-19.05555,-40.14722,TRUE,2011,UFES2032,Yuri Luiz Reis Leite,
485,Museum,Marmosops incanus,"Trilha da Educação Ambiental, Reserva Biológica de Sooretama",-19.05555,-40.14722,TRUE,2011,UFES2033,Yuri Luiz Reis Leite,
486,Museum,Marmosops incanus,"Trilha da Educação Ambiental, Reserva Biológica de Sooretama",-19.05555,-40.14722,TRUE,2011,UFES2036,Yuri Luiz Reis Leite,
487,Museum,Marmosops incanus,"Trilha Uru, Parque Estadual Carlos Botelho",-24.06649,-47.99204,TRUE,2011,UFES2215,Raisa Rodarte,
488,Museum,Marmosops incanus,,-19.26,-40.48,TRUE,2005,UFES929,Yuri Luiz Reis Leite,
489,Museum,Marmosops incanus,,-19.26,-40.48,TRUE,2005,UFES930,Yuri Luiz Reis Leite,
490,Museum,Marmosops incanus,,-19.26,-40.48,TRUE,2005,UFES931,Yuri Luiz Reis Leite,
491,Museum,Marmosops incanus,Formate,-20.3494444444444,-40.4944444444444,TRUE,1982,UFES825,Aloísio Falqueto,
492,Museum,Marmosops incanus,Povoação,-20.3788888888889,-40.4580555555556,TRUE,1981,UFES824,Aloísio Falqueto,
493,Museum,Marmosops incanus,"Barragem de Germano e Fundão, Samarco",-20.202999,-43.470645,TRUE,2012,4457,Bernardo Faria Leopoldo,
494,Museum,Marmosops incanus,Estação Ecológica de Acauã; 17 km N Turmalina,-17.133333,-42.766667,TRUE,1996,2605,Leonora Pires Costa,
495,Museum,Marmosops incanus,Estação Ecológica Estadual Nova Esperança,-13.578853,-39.706721,TRUE,2000,2063,Raquel Moura,
496,Museum,Marmosops incanus,Fazenda Alecrim,-19.766069,-43.339061,TRUE,2013,4270,,
497,Museum,Marmosops incanus,Fazenda Bela Vista,-16.599294,-39.914019,TRUE,2000,2062,Raquel Moura,
498,Museum,Marmosops incanus,Fazenda Bolandeira; 10 km S Una,-15.350463862177,-39.0003602971657,TRUE,1996,2042,M. C. A.,
499,Museum,Marmosops incanus,Fazenda Bolandeira; 10 km S Una,-15.350463862177,-39.0003602971657,TRUE,1996,2606,Raquel Moura,
500,Museum,Marmosops incanus,Fazenda Bolandeira; 10 km S Una,-15.350463862177,-39.0003602971657,TRUE,1996,2607,Yuri Luiz Reis Leite,
501,Museum,Marmosops incanus,Fazenda Corredor,-17.392306,-43.907,TRUE,2003,3860,Fernando Oliveira,
502,Museum,Marmosops incanus,Fazenda Corredor; Distrito de Carne Seca (cerrado),-17.392222,-43.906944,TRUE,1999,2436,Marco Aurélio L. Sábato,
503,Museum,Marmosops incanus,Fazenda Corredor; Distrito de Carne Seca (cerrado),-17.392222,-43.906944,TRUE,1999,2438,Leo Gomes,
504,Museum,Marmosops incanus,Fazenda Corredor; Distrito de Carne Seca (cerrado),-17.392222,-43.906944,TRUE,2002,2440,Leo Gomes,
505,Museum,Marmosops incanus,Fazenda Corredor; Distrito de Carne Seca (cerrado),-17.392222,-43.906944,TRUE,2002,2441,Leo Gomes,
506,Museum,Marmosops incanus,Fazenda Corredor; Distrito de Carne Seca (cerrado),-17.392222,-43.906944,TRUE,2002,2442,Leo Gomes,
507,Museum,Marmosops incanus,Fazenda Corredor; Distrito de Carne Seca (mata),-17.388889,-43.895278,TRUE,1999,2437,Marco Aurélio L. Sábato,
508,Museum,Marmosops incanus,Fazenda Palmeiras,-15.926917,-39.635883,TRUE,2001,2065,Raquel Moura,
509,Museum,Marmosops incanus,Fazenda Pedra Formosa,-13.952823,-39.451174,TRUE,2001,2066,Raquel Moura,
510,Museum,Marmosops incanus,Fazenda Rio Capitão,-14.343611,-39.086944,TRUE,1999,2000,Raquel Moura,
511,Museum,Marmosops incanus,Fazenda Rio Capitão,-14.343611,-39.086944,TRUE,1999,2059,Raquel Moura,
512,Museum,Marmosops incanus,Fazenda Santa Rita; 8 km E Andaraí,-12.801667,-41.261389,TRUE,1998,2608,Leonora Pires Costa,
513,Museum,Marmosops incanus,Fazenda Santa Rita; 8 km E Andaraí,-12.801667,-41.261389,TRUE,1998,2609,Leonora Pires Costa,
514,Museum,Marmosops incanus,Fazenda Santa Terezinha; 33 km NE Linhares,-19.133333,-39.95,TRUE,1992,1817,Monica T. Fonseca,
515,Museum,Marmosops incanus,Fazenda Santa Terezinha; 33 km NE Linhares,-19.133333,-39.95,TRUE,1992,1818,Marco Aurélio L. Sábato,
516,Museum,Marmosops incanus,Fazenda Santa Terezinha; 33 km NE Linhares,-19.133333,-39.95,TRUE,1992,1819,Leonora Pires Costa,
517,Museum,Marmosops incanus,Fazenda Santa Terezinha; 33 km NE Linhares,-19.133333,-39.95,TRUE,1992,2255,Yuri Luiz Reis Leite,
518,Museum,Marmosops incanus,Fazenda Santa Terezinha; 33 km NE Linhares,-19.133333,-39.95,TRUE,1992,2257,Yuri Luiz Reis Leite,
519,Museum,Marmosops incanus,Fazenda Santa Terezinha; 33 km NE Linhares,-19.133333,-39.95,TRUE,1992,2258,Yuri Luiz Reis Leite,
520,Museum,Marmosops incanus,Fazenda Santa Terezinha; 33 km NE Linhares,-19.133333,-39.95,TRUE,1992,2259,Monica T. Fonseca,
521,Museum,Marmosops incanus,Fazenda Santa Terezinha; 33 km NE Linhares,-19.133333,-39.95,TRUE,1992,2260,Monica T. Fonseca,
522,Museum,Marmosops incanus,Fazenda Santa Terezinha; 33 km NE Linhares,-19.133333,-39.95,TRUE,1992,2261,Monica T. Fonseca,
523,Museum,Marmosops incanus,Fazenda Santa Terezinha; 33 km NE Linhares,-19.133333,-39.95,TRUE,1992,2262,Marco Aurélio L. Sábato,
524,Museum,Marmosops incanus,Fazenda Santa Terezinha; 33 km NE Linhares,-19.133333,-39.95,TRUE,1992,2263,Marco Aurélio L. Sábato,
525,Museum,Marmosops incanus,Fazenda São João,-13.70101,-39.232666,TRUE,2000,2064,Raquel Moura,
526,Museum,Marmosops incanus,"M-7, Aracruz Florestal; 16 km ENE Aracruz",-19.791389,-40.128333,TRUE,1992,2256,Monica T. Fonseca,
527,Museum,Marmosops incanus,Mata Cara Branca (Veracel Celulose),-16.332289,-39.376375,TRUE,2000,2060,Raquel Moura,
528,Museum,Marmosops incanus,Mata Cara Branca (Veracel Celulose),-16.332289,-39.376375,TRUE,2000,2061,Raquel Moura,
529,Museum,Marmosops incanus,Mata da Planta,-20.605481,-43.981789,TRUE,2012,4555,,
530,Museum,Marmosops incanus,Mata do João Lindolfo; 8 km NW Nova Ponte,-19.119444,-47.731389,TRUE,1998,2532,,
531,Museum,Marmosops incanus,"Mina Fábrica Nova, Cava Sul",-20.221667,-43.440833,TRUE,2011,4066,Kátia Regina da Silva,
532,Museum,Marmosops incanus,"Mina Fábrica Nova, trilha Santa Rita",-20.2125,-43.435,TRUE,2011,4063,Kátia Regina da Silva,
533,Museum,Marmosops incanus,"Mina Miguel Burnier (Gerdau Açominas S.A.), distritio de Miguel Burnier",-20.429889,-43.764917,TRUE,2017,7009,,
534,Museum,Marmosops incanus,"Parque Estadual da Serra do Brigadeiro, Fazenda Neblina; 20 km W Fervedouro",-20.716667,-42.483333,TRUE,1992,1908,,
535,Museum,Marmosops incanus,"Parque Estadual da Serra do Brigadeiro, Fazenda Neblina; 20 km W Fervedouro",-20.716667,-42.483333,TRUE,1992,2254,Leonora Pires Costa,
536,Museum,Marmosops incanus,"Parque Estadual da Serra do Brigadeiro, Fazenda Neblina; 20 km W Fervedouro",-20.716667,-42.483333,TRUE,1992,2264,Gláucia M. Moreira,
537,Museum,Marmosops incanus,Parque Estadual do Rio Doce; 13 km E Marliéira,-19.716667,-42.65,TRUE,1996,2600,Raquel Moura,
538,Museum,Marmosops incanus,Parque Estadual do Rio Doce; 13 km E Marliéira,-18.15,-43.383333,TRUE,1996,2602,Leonora Pires Costa,
539,Museum,Marmosops incanus,Parque Estadual do Rio Doce; 13 km E Marliéira,-18.15,-43.383333,TRUE,1996,2603,Leonora Pires Costa,
540,Museum,Marmosops incanus,Parque Estadual do Rio Doce; 13 km E Marliéira,-18.15,-43.383333,TRUE,1996,2604,Yuri Luiz Reis Leite,
541,Museum,Marmosops incanus,Parque Estadual do Rio Preto; 15 km S São Gonçalo do Rio Preto,-18.15,-43.383333,TRUE,1996,2601,Yuri Luiz Reis Leite,
542,Museum,Marmosops incanus,Parque Nacional do Descobrimento,-15.166667,-39.066667,TRUE,2002,2068,Raquel Moura,
543,Museum,Marmosops incanus,Parque Natural do Caraça; 25 Km SW Santa Bárbara,-20.083333,-43.5,TRUE,1995,1928,Raquel Moura,
544,Museum,Marmosops incanus,Parque Natural do Caraça; 25 Km SW Santa Bárbara,-20.083333,-43.5,TRUE,1995,1929,,
545,Museum,Marmosops incanus,Ponte do Colatino; margem esquerda do Rio Jequitinhonha,-16.6,-42.2,TRUE,1998,2610,Leonora Pires Costa,
546,Museum,Marmosops incanus,Reserva Biológica de Una,-15.206389,-39.165833,TRUE,1997,2001,Raquel Moura,
547,Museum,Marmosops incanus,Reserva Biológica de Una,-15.206389,-39.165833,TRUE,1997,2002,Raquel Moura,
548,Museum,Marmosops incanus,Reserva Biológica de Una,-15.171973,-39.061161,TRUE,2001,2067,Raquel Moura,
549,Museum,Marmosops incanus,Reserva Particular do Patrimônio Natural Belgo Mineira,-19.81,-43.173611,FALSE,1995,2269,Raquel Moura,
550,Museum,Marmosops incanus,Reserva Particular do Patrimônio Natural Belgo Mineira,-19.81,-43.173611,FALSE,1995,2270,Carlos Grelle,
551,Museum,Marmosops incanus,Reserva Particular do Patrimônio Natural Belgo Mineira,-19.81,-43.173611,FALSE,1995,2271,Carlos Grelle,
552,Museum,Marmosops incanus,Reserva Particular do Patrimônio Natural Ecoparque de Una,-15.233333,-39.383333,TRUE,2000,2058,Raquel Moura,
553,Museum,Marmosops incanus,Santuário do Caraça,-20.0975,-43.488889,TRUE,2013,4291,,
554,Museum,Marmosops incanus,,-21.774758,-42.500392,TRUE,2014,4332,,
555,Museum,Marmosops incanus,,-20.456111,-43.743056,TRUE,2012,4436,,
556,Museum,Marmosops incanus,Copasa,-16.233333,-40.683333,TRUE,1987,1466,Rosa Sá,
557,Museum,Marmosops incanus,Copasa,-16.233333,-40.683333,TRUE,1987,1467,,
558,Museum,Marmosops incanus,Fazenda Montes Claros,-19.789722,-42.139167,FALSE,1985,1218,Ederson,
559,Museum,Marmosops incanus,Fazenda Montes Claros,-19.789722,-42.139167,FALSE,1986,1219,,
560,Museum,Marmosops incanus,Mineração Tejucana,-18.249444,-43.600278,FALSE,1989,1607,Yuri Luiz Reis Leite,
561,Museum,Marmosops incanus,Fazenda Curral Velho; 28 km E Grão Mogol,-16.559444,-42.889722,FALSE,1989,1102,Dália Rizel Wieloch,
562,Museum,Marmosops incanus,Parque Estadual do Ibitipoca,-21.691667,-43.883333,TRUE,1988,1181,M. A. Drumond,
563,Museum,Marmosops incanus,Parque Estadual do Rio Doce,-19.716667,-42.65,TRUE,1986,1160,E. L. Sábato,
564,Museum,Marmosops incanus,Parque Estadual do Rio Doce,-19.716667,-42.65,TRUE,1986,1162,J. R. S.,
565,Museum,Marmosops incanus,Parque Estadual do Rio Doce,-19.716667,-42.65,TRUE,1985,1163,J. R. S.,
566,Museum,Marmosops incanus,Parque Estadual do Rio Doce,-19.716667,-42.65,TRUE,1986,1164,J. R. S.,
567,Museum,Marmosops incanus,Parque Estadual do Rio Doce,-19.716667,-42.65,TRUE,1986,1165,J. R. S.,
568,Museum,Marmosops incanus,Área de Proteção Especial de Serra Azul,-19.986389,-44.427778,FALSE,1987,1492,,
569,Museum,Marmosops incanus,Fazenda Esmeralda; Mata dos Monos,-20.226111,-42.650833,FALSE,1985,1195,Ederson,
570,Museum,Marmosops incanus,Caraça,-19.959444,-43.415278,FALSE,1980,931,C. Alberto,
571,Museum,Marmosops incanus,Caraça,-19.959444,-43.415278,FALSE,1980,943,C. Alberto,
572,Museum,Marmosops incanus,Caraça,-19.959444,-43.415278,FALSE,1980,963,C. Alberto,
573,Museum,Marmosops incanus,Estação de Pesquisa e Desenvolvimento Ambiental de Peti,-19.959444,-43.415278,FALSE,1986,1414,,
574,Museum,Marmosops incanus,Estação de Pesquisa e Desenvolvimento Ambiental de Peti,-19.959444,-43.415278,FALSE,1986,1415,,
575,Museum,Marmosops incanus,Estação de Pesquisa e Desenvolvimento Ambiental de Peti,-19.959444,-43.415278,FALSE,1986,1416,,
576,Museum,Marmosops incanus,Estação de Pesquisa e Desenvolvimento Ambiental de Peti,-19.959444,-43.415278,FALSE,1986,1417,,
577,Museum,Marmosops incanus,Estação de Pesquisa e Desenvolvimento Ambiental de Peti,-19.959444,-43.415278,FALSE,1986,1418,,
578,Museum,Marmosops incanus,Estação de Pesquisa e Desenvolvimento Ambiental de Peti,-19.959444,-43.415278,FALSE,1986,1419,,
579,Museum,Marmosops incanus,Estação de Pesquisa e Desenvolvimento Ambiental de Peti,-19.959444,-43.415278,FALSE,1986,1420,,
580,Museum,Marmosops incanus,Estação de Pesquisa e Desenvolvimento Ambiental de Peti,-19.959444,-43.415278,FALSE,1986,1421,,
581,Museum,Marmosops incanus,Estação de Pesquisa e Desenvolvimento Ambiental de Peti,-19.959444,-43.415278,FALSE,1986,1422,,
582,Museum,Marmosops incanus,Estação de Pesquisa e Desenvolvimento Ambiental de Peti,-19.959444,-43.415278,FALSE,1986,1423,,
583,Museum,Marmosops incanus,Estação de Pesquisa e Desenvolvimento Ambiental de Peti,-19.959444,-43.415278,FALSE,1986,1424,Ederson,
584,Museum,Marmosops incanus,Estação de Pesquisa e Desenvolvimento Ambiental de Peti,-19.959444,-43.415278,FALSE,1986,1425,Ederson,
585,Museum,Marmosops incanus,Estação de Pesquisa e Desenvolvimento Ambiental de Peti,-19.959444,-43.415278,FALSE,1987,1426,L. F. B. M. S.,
586,Museum,Marmosops incanus,Estação de Pesquisa e Desenvolvimento Ambiental de Peti,-19.959444,-43.415278,FALSE,1987,1427,L. F. B. M. S.,
587,Museum,Marmosops incanus,Estação de Pesquisa e Desenvolvimento Ambiental de Peti,-19.959444,-43.415278,FALSE,1987,1428,L. F. B. M. S.,
588,Museum,Marmosops incanus,Estação de Pesquisa e Desenvolvimento Ambiental de Peti,-19.959444,-43.415278,FALSE,1987,1429,L. F. B. M. S.,
589,Museum,Marmosops incanus,Estação de Pesquisa e Desenvolvimento Ambiental de Peti,-19.959444,-43.415278,FALSE,1987,1430,L. F. B. M. S.,
590,Museum,Marmosops incanus,Estação de Pesquisa e Desenvolvimento Ambiental de Peti,-19.959444,-43.415278,FALSE,1987,1431,Cláudia,
591,Museum,Marmosops incanus,Estação de Pesquisa e Desenvolvimento Ambiental de Peti,-19.959444,-43.415278,FALSE,1987,1432,G. Herrmann,
592,Museum,Marmosops incanus,Estação de Pesquisa e Desenvolvimento Ambiental de Peti,-19.959444,-43.415278,FALSE,1987,1433,G. Herrmann,
593,Museum,Marmosops incanus,Estação de Pesquisa e Desenvolvimento Ambiental de Peti,-19.959444,-43.415278,FALSE,1987,1434,G. Herrmann,
594,Museum,Marmosops incanus,Embrapa,-19.465833,-44.246667,FALSE,1980,775,C. Alberto,
595,Museum,Marmosops incanus,Embrapa,-19.465833,-44.246667,FALSE,1980,960,C. Alberto,
596,Museum,Marmosops incanus,Serra da Onça,-17.598056,-44.730833,FALSE,1983,1007,C. Alberto,
597,Museum,Marmosops incanus,Serra da Onça,-17.598056,-44.730833,FALSE,1983,1008,C. Alberto,
598,Museum,Marmosops incanus,"Fazenda Paiol, Floresta Alta",-16.833333,-42.216667,TRUE,1987,1468,Rosa Sá,
599,Museum,Marmosops incanus,"Fazenda Paiol, Floresta Alta",-16.833333,-42.216667,TRUE,1987,1469,Cecília,
600,Museum,Marmosops incanus,"Fazenda Paiol, Floresta Alta",-16.833333,-42.216667,TRUE,1987,1470,Rosa Sá,
